1,0.0766,0.5292,0.2658,0.1284,201.6837
1,0.2409,0.2847,0.2232,0.2513,210.0661
1,0.2237,0.2587,0.3368,0.1808,200.1449
1,0.1033,0.3866,0.2715,0.2387,219.575
1,0.0229,0.1678,0.3496,0.4596,429.629
1,0.5084,0.1975,0.0472,0.2468,251.2077
1,0.2926,0.2288,0.0646,0.414,279.019
1,0.1309,0.1941,0.4388,0.2362,240.8233
1,0.0283,0.2404,0.3645,0.3668,345.16
1,0.1875,0.2592,0.2163,0.337,238.2841
1,0.3982,0.1808,0.3984,0.0226,177.9793
1,0.1565,0.0673,0.5164,0.2598,298.2495
1,0.1577,0.5154,0.2314,0.0955,176.0754
1,0.3813,0.156,0.2508,0.2118,218.4752
1,0.0691,0.4714,0.3757,0.0839,201.8953
1,0.3315,0.1682,0.062,0.4383,308.9022
1,0.2229,0.4585,0.0745,0.244,205.4331
1,0.1355,0.0476,0.5274,0.2895,338.7464
1,0.1885,0.4812,0.2492,0.0811,171.2717
1,0.28,0.2051,0.2003,0.3146,235.7362
1,0.3139,0.0545,0.4609,0.1707,251.1333
1,0.2537,0.3165,0.1186,0.3112,225.1698
1,0.1982,0.299,0.2305,0.2724,216.3397
1,0.467,0.1536,0.0809,0.2985,265.3219
1,0.2066,0.244,0.2436,0.3057,230.1355
1,0.0747,0.1013,0.3504,0.4736,386.5306
1,0.3255,0.1471,0.1213,0.4061,287.1753
1,0.0709,0.3373,0.2352,0.3567,267.7137
1,0.2987,0.2043,0.2736,0.2233,211.9708
1,0.3252,0.2025,0.1331,0.3392,247.9408
1,0.4068,0.1083,0.1163,0.3685,294.1808
1,0.3152,0.1327,0.5484,0.0037,190.1348
1,0.3878,0.1381,0.4199,0.0543,191.3487
1,0.1788,0.3119,0.2254,0.2838,219.8419
1,0.316,0.1195,0.2966,0.2679,242.0172
1,0.2297,0.3946,0.1916,0.1841,189.315
1,0.4483,0.0609,0.4645,0.0263,210.3933
1,0.2741,0.2028,0.2632,0.2599,221.3575
1,0.3651,0.1369,0.4069,0.0911,198.3401
1,0.0795,0.08,0.5287,0.3117,349.3595
1,0.3058,0.2589,0.2287,0.2067,201.287
1,0.4353,0.2613,0.1239,0.1794,202.7608
1,0.1259,0.289,0.2812,0.3039,237.1557
1,0.0814,0.2979,0.0768,0.5438,347.2054
1,0.0563,0.3021,0.2492,0.3924,294.7137
1,0.0186,0.3802,0.293,0.3081,323.5726
1,0.1333,0.326,0.3988,0.1419,200.3201
1,0.2702,0.486,0.0737,0.17,187.8028
1,0.187,0.3512,0.0992,0.3626,241.4296
1,0.1132,0.3575,0.2592,0.2701,225.4803
1,0.0964,0.354,0.2988,0.2508,227.628
1,0.1214,0.2871,0.2444,0.3471,249.5007
1,0.2381,0.0714,0.3421,0.3484,295.1599
1,0.235,0.4948,0.0211,0.2492,215.0418
1,0.3844,0.0294,0.1946,0.3915,350.1367
1,0.3902,0.1181,0.2444,0.2473,237.6878
1,0.1178,0.3184,0.1439,0.4198,270.5368
1,0.0545,0.3881,0.3884,0.169,232.6952
1,0.1865,0.2352,0.5626,0.0157,186.0044
1,0.0154,0.2641,0.1366,0.5839,494.1027
1,0.2976,0.2157,0.3173,0.1694,199.2565
1,0.3906,0.1649,0.3474,0.097,192.6512
1,0.1463,0.2695,0.1268,0.4575,284.8022
1,0.2741,0.3661,0.1362,0.2236,199.1676
1,0.0627,0.4614,0.155,0.3209,254.7051
1,0.1789,0.2512,0.2841,0.2858,227.5751
1,0.1917,0.3016,0.4603,0.0464,179.2188
1,0.4239,0.1881,0.0351,0.3529,287.781
1,0.5354,0.0706,0.0748,0.3191,324.1146
1,0.144,0.2719,0.2455,0.3386,243.6904
1,0.0887,0.4299,0.3756,0.1059,198.9923
1,0.2325,0.3066,0.3126,0.1483,188.3584
1,0.1223,0.0508,0.6206,0.2063,323.1464
1,0.1102,0.318,0.2746,0.2971,236.6077
1,0.2976,0.2617,0.2624,0.1783,195.1079
1,0.2354,0.3212,0.1997,0.2436,205.6438
1,0.1226,0.0935,0.4776,0.3063,304.1929
1,0.45,0.3586,0.0899,0.1014,182.3895
1,0.2189,0.0717,0.4255,0.2839,280.6088
1,0.3307,0.23,0.002,0.4373,334.1845
1,0.3067,0.2197,0.3214,0.1523,195.194
1,0.2439,0.2644,0.1839,0.3077,226.5165
1,0.3705,0.247,0.2411,0.1414,189.4801
1,0.009,0.2346,0.3527,0.4037,454.3398
1,0.1335,0.3007,0.2214,0.3444,243.9735
1,0.221,0.5862,0.1182,0.0745,167.9146
1,0.1706,0.2108,0.5176,0.1009,204.4142
1,0.3282,0.3233,0.0725,0.2759,221.3793
1,0.0873,0.3778,0.4157,0.1192,206.421
1,0.2657,0.1107,0.3561,0.2674,248.168
1,0.2257,0.058,0.1438,0.5725,427.8708
1,0.1918,0.2313,0.1744,0.4024,262.6558
1,0.1471,0.2441,0.3657,0.2432,226.1454
1,0.3348,0.3888,0.1213,0.1551,184.9435
1,0.1623,0.2956,0.3527,0.1893,205.2692
1,0.2815,0.2781,0.1023,0.3381,238.2607
1,0.0814,0.3175,0.1753,0.4257,285.9947
1,0.063,0.3763,0.2229,0.3377,263.7612
1,0.2399,0.306,0.1362,0.3179,227.0032
1,0.4188,0.1769,0.0793,0.325,263.6867
1,0.0132,0.2447,0.3508,0.3913,410.8914
1,0.1482,0.4424,0.064,0.3454,239.8433
1,0.244,0.3444,0.0309,0.3807,259.1685
1,0.153,0.1656,0.3273,0.3541,269.0669
1,0.069,0.3277,0.3737,0.2295,240.8949
1,0.1784,0.0945,0.3692,0.3579,295.3437
1,0.3326,0.2831,0.1858,0.1984,198.0183
1,0.5156,0.0483,0.376,0.0601,222.1817
1,0.0235,0.1671,0.4188,0.3907,401.7287
1,0.3045,0.27,0.246,0.1795,194.4562
1,0.3121,0.3694,0.0806,0.2378,206.8063
1,0.4573,0.1066,0.4031,0.0331,194.5645
1,0.1759,0.1962,0.2728,0.355,255.9175
1,0.0768,0.2728,0.141,0.5094,329.8907
1,0.3642,0.1899,0.0511,0.3949,290.4927
1,0.3311,0.267,0.0696,0.3323,244.657
1,0.0917,0.3195,0.2795,0.3093,246.4648
1,0.3046,0.2923,0.256,0.147,186.1866
1,0.0928,0.1018,0.147,0.6584,485.2103
1,0.4162,0.1192,0.142,0.3226,268.7815
1,0.0684,0.1019,0.4966,0.3331,346.2986
1,0.8164,0.1805,0.0016,0.0015,251.5284
1,0.1014,0.481,0.0225,0.3951,275.0436
1,0.1768,0.4003,0.3738,0.0492,172.5199
1,0.2703,0.3965,0.2623,0.0709,167.8831
1,0.2509,0.0207,0.3913,0.3371,348.5252
1,0.3347,0.1901,0.0569,0.4183,295.3837
1,0.1508,0.3102,0.3299,0.2091,209.1721
1,0.2385,0.2161,0.0039,0.5415,386.6505
1,0.0442,0.2246,0.367,0.3642,319.6013
1,0.024,0.1414,0.0873,0.7473,692.6683
1,0.1543,0.5336,0.0401,0.272,220.6696
1,0.2267,0.3615,0.2925,0.1194,179.6807
1,0.3684,0.1999,0.404,0.0277,176.4318
1,0.2439,0.4559,0.2738,0.0264,160.3144
1,0.2107,0.2806,0.2515,0.2571,213.6409
1,0.0991,0.2068,0.4772,0.2169,246.6984
1,0.4546,0.0504,0.2546,0.2404,268.236
1,0.1138,0.2679,0.38,0.2383,230.7508
1,0.5976,0.0384,0.108,0.256,318.4547
1,0.3729,0.2472,0.3078,0.0721,176.949
1,0.0382,0.222,0.4311,0.3088,315.3195
1,0.2013,0.3562,0.003,0.4395,299.5903
1,0.1351,0.0862,0.3801,0.3987,329.5815
1,0.1295,0.0476,0.6618,0.1611,313.3228
1,0.4237,0.3503,0.1864,0.0396,165.8416
1,0.3223,0.0865,0.3575,0.2337,246.0579
1,0.167,0.3211,0.3566,0.1553,195.8789
1,0.3884,0.084,0.1795,0.3481,287.2964
1,0.7249,0.0514,0.1513,0.0724,247.9588
1,0.039,0.2099,0.384,0.3672,334.1147
1,0.3509,0.0722,0.2988,0.2782,264.4052
1,0.2125,0.2032,0.3906,0.1937,212.9854
1,0.3379,0.2159,0.3222,0.124,189.8577
1,0.2562,0.0905,0.3178,0.3354,276.9244
1,0.2231,0.7358,0.0396,0.0014,161.9036
1,0.3353,0.0868,0.2444,0.3335,275.3366
1,0.2316,0.1478,0.3502,0.2705,239.6813
1,0.3462,0.0451,0.3213,0.2874,285.9974
1,0.4029,0.0991,0.4829,0.0151,195.5767
1,0.0968,0.0387,0.4048,0.4597,446.2982
1,0.3002,0.3996,0.2089,0.0912,170.4391
1,0.2444,0.2517,0.17,0.334,235.7275
1,0.3426,0.2121,0.3648,0.0805,183.1396
1,0.4041,0.2474,0.1393,0.2092,208.474
1,0.0921,0.5087,0.0534,0.3458,253.4205
1,0.0786,0.2867,0.3876,0.2471,245.0944
1,0.2774,0.1214,0.3403,0.2609,241.5583
1,0.1005,0.3188,0.4642,0.1165,207.8909
1,0.5148,0.2174,0.0484,0.2195,238.7285
1,0.1276,0.3216,0.31,0.2408,219.1305
1,0.3866,0.0136,0.4051,0.1947,293.4482
1,0.3217,0.2021,0.2008,0.2754,225.6922
1,0.4878,0.1264,0.3508,0.035,190.0407
1,0.3349,0.2063,0.2447,0.2141,209.4243
1,0.641,0.0985,0.1711,0.0893,222.1702
1,0.1877,0.3484,0.4095,0.0545,175.8877
1,0.3035,0.5986,0.0108,0.0871,180.8642
1,0.3555,0.383,0.2321,0.0294,161.0909
1,0.2427,0.1349,0.3843,0.238,235.291
1,0.2975,0.4555,0.0192,0.2278,211.8881
1,0.2953,0.2916,0.195,0.2181,201.1467
1,0.2296,0.0823,0.3568,0.3313,284.055
1,0.2494,0.2658,0.1791,0.3057,225.8182
1,0.4176,0.3065,0.2527,0.0231,164.7453
1,0.3748,0.3395,0.2345,0.0511,166.6517
1,0.0919,0.1898,0.385,0.3333,280.0986
1,0.1914,0.3106,0.3291,0.1688,195.5514
1,0.3043,0.0667,0.1749,0.4541,341.831
1,0.2782,0.3265,0.0458,0.3495,246.4323
1,0.1494,0.2274,0.4359,0.1873,218.8791
1,0.1507,0.2051,0.3487,0.2955,244.2841
1,0.0483,0.3094,0.0594,0.5829,402.2018
1,0.1894,0.247,0.3408,0.2227,213.6402
1,0.3687,0.3475,0.1661,0.1177,178.6498
1,0.5835,0.0169,0.2098,0.1898,293.4154
1,0.1882,0.0689,0.3183,0.4246,334.1197
1,0.1856,0.2329,0.3063,0.2752,227.2084
1,0.6315,0.1743,0.1482,0.0459,196.1604
1,0.3123,0.3525,0.2343,0.1009,173.96
1,0.3229,0.0513,0.4071,0.2187,263.3502
1,0.3038,0.2432,0.0391,0.414,285.323
1,0.1701,0.277,0.1619,0.391,255.0502
1,0.1569,0.4621,0.3652,0.0158,167.5732
1,0.6469,0.0055,0.2032,0.1444,302.5759
1,0.2005,0.1698,0.3005,0.3292,251.7819
1,0.3627,0.1844,0.1913,0.2616,226.4512
1,0.1123,0.4465,0.4254,0.0158,178.1605
1,0.1812,0.238,0.2947,0.2862,229.4453
1,0.4543,0.0199,0.3167,0.2091,285.0065
1,0.1759,0.5319,0.1226,0.1697,188.1512
1,0.3626,0.2394,0.0578,0.3402,256.3543
1,0.2668,0.31,0.4105,0.0128,166.439
1,0.3036,0.3591,0.1012,0.2362,204.8082
1,0.1016,0.3199,0.116,0.4625,292.9508
1,0.0921,0.4109,0.0568,0.4402,288.6284
1,0.3815,0.2014,0.1304,0.2867,235.202
1,0.0305,0.4511,0.2907,0.2277,265.8248
1,0.284,0.2629,0.3056,0.1475,189.6938
1,0.162,0.1144,0.2854,0.4382,314.7791
1,0.3809,0.2447,0.2829,0.0915,180.4629
1,0.0804,0.6586,0.0971,0.1639,207.4248
1,0.4154,0.1039,0.1876,0.2931,259.8509
1,0.1746,0.0165,0.5375,0.2715,371.7916
1,0.0731,0.3512,0.3074,0.2683,242.924
1,0.0342,0.3224,0.5432,0.1002,254.7018
1,0.1034,0.17,0.4382,0.2884,270.4803
1,0.3508,0.0015,0.3513,0.2965,373.4866
1,0.2503,0.5073,0.0603,0.182,191.5062
1,0.1733,0.1402,0.3506,0.3359,268.2062
1,0.1827,0.2282,0.4641,0.125,201.9521
1,0.0256,0.2347,0.4597,0.28,330.4446
1,0.1129,0.3998,0.0249,0.4624,300.7366
1,0.3262,0.3901,0.2499,0.0339,161.4756
1,0.2877,0.1133,0.3406,0.2584,243.1571
1,0.2672,0.1047,0.3387,0.2894,256.091
1,0.2245,0.127,0.5198,0.1287,220.9436
1,0.0965,0.3912,0.4006,0.1117,200.2415
1,0.151,0.1234,0.344,0.3815,294.4272
1,0.2652,0.1656,0.2644,0.3048,240.6594
1,0.0022,0.3022,0.3761,0.3195,534.7475
1,0.1646,0.3366,0.2553,0.2435,210.6017
1,0.2753,0.2606,0.3376,0.1265,186.8764
1,0.2767,0.3252,0.1169,0.2813,216.6486
1,0.1387,0.1525,0.1183,0.5905,384.368
1,0.2227,0.0056,0.4363,0.3353,407.5908
1,0.0005,0.4255,0.2014,0.3726,712.4358
1,0.2252,0.0463,0.3476,0.3809,331.6575
1,0.2715,0.2255,0.2603,0.2427,213.8572
1,0.0861,0.2074,0.3523,0.3542,283.2298
1,0.2096,0.3957,0.2162,0.1785,189.1914
1,0.1194,0.0468,0.0125,0.8214,1049.2979
1,0.191,0.1909,0.3902,0.2279,225.2968
1,0.2143,0.07,0.3928,0.3229,293.2332
1,0.3203,0.0873,0.137,0.4553,333.7698
1,0.372,0.0927,0.2412,0.2941,260.2932
1,0.2055,0.3279,0.1946,0.2719,213.3972
1,0.4451,0.3378,0.2019,0.0152,162.8863
1,0.3378,0.4118,0.0045,0.2459,228.308
1,0.1531,0.6415,0.0199,0.1855,204.2035
1,0.3886,0.3562,0.1707,0.0845,172.5731
1,0.1136,0.2146,0.3314,0.3404,264.1981
1,0.239,0.2375,0.104,0.4195,270.6847
1,0.047,0.3293,0.3561,0.2675,267.1303
1,0.0608,0.1592,0.1924,0.5875,419.1468
1,0.265,0.4088,0.1368,0.1894,190.0294
1,0.0939,0.436,0.026,0.4441,296.9287
1,0.2927,0.5698,0.0001,0.1374,197.8773
1,0.2178,0.0764,0.2312,0.4746,344.4036
1,0.1965,0.4192,0.3374,0.0469,168.5376
1,0.1071,0.221,0.4755,0.1964,235.7271
1,0.2938,0.274,0.3035,0.1287,184.9105
1,0.4198,0.1957,0.2272,0.1573,200.4928
1,0.1487,0.3707,0.3366,0.1439,192.6384
1,0.3138,0.0562,0.2278,0.4023,322.359
1,0.1966,0.3504,0.2292,0.2238,201.7008
1,0.2331,0.1869,0.5584,0.0217,188.6131
1,0.2218,0.0123,0.3598,0.4061,409.1139
1,0.1529,0.3796,0.4165,0.051,178.2916
1,0.2715,0.4403,0.0737,0.2144,198.5049
1,0.3542,0.2328,0.1451,0.2679,222.5373
1,0.3549,0.0414,0.2841,0.3197,300.5272
1,0.2767,0.3363,0.0794,0.3076,226.6224
1,0.276,0.3122,0.3925,0.0193,166.4012
1,0.3232,0.0181,0.3005,0.3582,349.1675
1,0.3476,0.2767,0.3553,0.0204,166.7696
1,0.1761,0.4229,0.3731,0.0279,168.4833
1,0.0138,0.4186,0.0692,0.4984,431.999
1,0.1772,0.2184,0.3473,0.2571,227.4807
1,0.2633,0.4412,0.2642,0.0313,160.5962
1,0.014,0.4227,0.4092,0.1542,297.97
1,0.2707,0.1567,0.1944,0.3781,266.3232
1,0.0057,0.3384,0.5531,0.1028,365.6031
1,0.488,0.1873,0.2972,0.0274,178.2128
1,0.4798,0.1585,0.0059,0.3558,337.1714
1,0.0484,0.4215,0.3685,0.1616,233.159
1,0.3081,0.2923,0.1306,0.269,215.7069
1,0.2273,0.3959,0.3535,0.0233,164.0541
1,0.4568,0.1972,0.197,0.149,200.8405
1,0.3505,0.2352,0.3099,0.1044,183.7943
1,0.2913,0.28,0.1469,0.2818,218.967
1,0.242,0.1791,0.2903,0.2886,234.7184
1,0.3795,0.453,0.115,0.0526,165.4797
1,0.2245,0.3713,0.3463,0.0579,170.3471
1,0.1321,0.1499,0.3182,0.3998,294.5176
1,0.1496,0.183,0.6017,0.0657,211.6078
1,0.2302,0.2359,0.1595,0.3744,251.0246
1,0.3986,0.2103,0.1122,0.2789,234.4186
1,0.2769,0.3856,0.2496,0.0878,170.7802
1,0.3262,0.2952,0.3491,0.0295,166.8881
1,0.1661,0.2458,0.0477,0.5404,339.1697
1,0.233,0.2149,0.3402,0.2119,211.6824
1,0.2889,0.2779,0.2249,0.2083,199.9273
1,0.3889,0.3516,0.0089,0.2506,234.7588
1,0.2734,0.159,0.3745,0.1931,216.2354
1,0.1669,0.2827,0.2868,0.2637,220.1964
1,0.3069,0.3883,0.2698,0.035,161.9819
1,0.3445,0.2331,0.0373,0.3852,279.8189
1,0.2043,0.3375,0.1331,0.3251,228.058
1,0.195,0.2078,0.209,0.3882,261.2004
1,0.0202,0.0568,0.0796,0.8434,1144.1834
1,0.4774,0.3196,0.1031,0.0999,184.8136
1,0.0129,0.2963,0.1168,0.574,497.6714
1,0.2232,0.2976,0.2346,0.2446,208.2603
1,0.0594,0.4196,0.167,0.3541,268.5185
1,0.2599,0.2577,0.2172,0.2651,215.5141
1,0.4089,0.2952,0.2121,0.0839,175.7617
1,0.0691,0.2885,0.3243,0.3181,266.2164
1,0.1148,0.2507,0.4596,0.1749,222.6291
1,0.4126,0.2091,0.2987,0.0795,182.772
1,0.1614,0.1858,0.0848,0.568,360.1188
1,0.2737,0.0793,0.5435,0.1034,229.284
1,0.1587,0.005,0.2863,0.5499,580.4877
1,0.0352,0.402,0.1455,0.4174,319.3562
1,0.122,0.1732,0.4685,0.2363,250.3763
1,0.3724,0.0468,0.2964,0.2843,282.9227
1,0.2632,0.3108,0.1775,0.2485,207.1105
1,0.2641,0.4509,0.2501,0.0349,160.7354
1,0.2796,0.3333,0.2832,0.1039,176.2964
1,0.3684,0.348,0.0408,0.2427,218.6688
1,0.3352,0.2733,0.0432,0.3483,256.0401
1,0.1489,0.3408,0.4935,0.0168,178.8776
1,0.0368,0.3798,0.1306,0.4528,333.4447
1,0.2466,0.1615,0.3234,0.2685,233.7985
1,0.3578,0.1556,0.1506,0.336,257.2823
1,0.3541,0.0384,0.2913,0.3162,302.0523
1,0.0463,0.162,0.6869,0.1048,287.3388
1,0.3216,0.0564,0.0593,0.5627,468.6091
1,0.3029,0.2788,0.3796,0.0386,170.6063
1,0.1226,0.4193,0.2243,0.2338,210.924
1,0.1397,0.1833,0.2878,0.3892,277.2354
1,0.2288,0.4351,0.3263,0.0098,160.0752
1,0.0384,0.3727,0.3844,0.2044,258.0451
1,0.2333,0.3706,0.0511,0.345,239.7087
1,0.2471,0.1731,0.261,0.3188,243.658
1,0.3318,0.1439,0.4243,0.1001,199.6785
1,0.3038,0.1305,0.3129,0.2529,235.103
1,0.6972,0.2761,0.02,0.0067,203.0145
1,0.0795,0.1026,0.4944,0.3236,331.8442
1,0.2354,0.2622,0.0342,0.4682,303.9503
1,0.0533,0.1529,0.3884,0.4055,350.6551
1,0.2778,0.2826,0.0873,0.3523,243.9549
1,0.3103,0.285,0.1426,0.2621,213.9708
1,0.379,0.182,0.2981,0.1408,197.7975
1,0.18,0.3593,0.2924,0.1683,192.4963
1,0.2217,0.2113,0.3262,0.2409,219.2476
1,0.1107,0.6677,0.0013,0.2202,228.8257
1,0.2034,0.4367,0.3447,0.0152,162.8829
1,0.0177,0.7979,0.028,0.1564,282.915
1,0.2088,0.3445,0.4368,0.01,168.2667
1,0.2977,0.278,0.2016,0.2227,203.2684
1,0.1202,0.1311,0.49,0.2586,272.3229
1,0.0427,0.3193,0.0371,0.6009,430.1802
1,0.3245,0.3767,0.1951,0.1038,173.5681
1,0.02,0.502,0.3623,0.1157,260.7427
1,0.3636,0.4093,0.1604,0.0667,167.0927
1,0.2776,0.121,0.3568,0.2446,237.8798
1,0.3103,0.2575,0.2703,0.1619,192.1634
1,0.3238,0.36,0.2598,0.0563,166.2641
1,0.2756,0.1725,0.2919,0.2601,227.1922
1,0.1224,0.2674,0.3335,0.2768,235.5813
1,0.1618,0.2811,0.2961,0.2609,220.7102
1,0.013,0.0772,0.0247,0.885,1457.9049
1,0.4038,0.0293,0.1712,0.3957,356.8112
1,0.2393,0.2481,0.2423,0.2703,218.5957
1,0.6017,0.0876,0.2502,0.0605,211.0052
1,0.0268,0.4094,0.3654,0.1983,270.8883
1,0.3229,0.289,0.0975,0.2906,225.0789
1,0.0802,0.4997,0.3727,0.0474,189.6269
1,0.3068,0.2753,0.3429,0.0751,175.873
1,0.0835,0.4878,0.1265,0.3022,238.3821
1,0.2702,0.3797,0.2502,0.0999,173.2084
1,0.3333,0.2513,0.3028,0.1125,183.5699
1,0.2627,0.2816,0.2538,0.202,198.8036
1,0.3385,0.3545,0.216,0.091,172.2532
1,0.247,0.3406,0.1508,0.2616,209.1851
1,0.2554,0.4032,0.0575,0.2839,219.0918
1,0.0891,0.0093,0.4865,0.415,561.6619
1,0.0997,0.2575,0.2281,0.4147,281.8373
1,0.2854,0.1438,0.3386,0.2321,227.3721
1,0.1161,0.2536,0.2429,0.3874,267.7903
1,0.1977,0.1119,0.5242,0.1662,238.5019
1,0.3791,0.1034,0.177,0.3405,275.0735
1,0.2019,0.2692,0.2979,0.2311,210.4332
1,0.4018,0.238,0.202,0.1581,195.2012
1,0.2176,0.3229,0.0722,0.3873,253.4534
1,0.2668,0.1149,0.4579,0.1604,224.3174
1,0.172,0.3027,0.1081,0.4172,263.8975
1,0.273,0.3211,0.2644,0.1415,183.6861
1,0.1291,0.5298,0.2877,0.0533,174.2881
1,0.3215,0.3199,0.0744,0.2842,223.3893
1,0.2235,0.1602,0.3556,0.2607,234.9087
1,0.1787,0.2487,0.2931,0.2795,226.5792
1,0.0635,0.6244,0.2883,0.0238,189.0334
1,0.0823,0.3146,0.0591,0.544,348.5234
1,0.0958,0.2792,0.2375,0.3876,271.3574
1,0.0444,0.305,0.3415,0.3091,284.2947
1,0.3068,0.325,0.2432,0.125,179.7941
1,0.3632,0.2403,0.123,0.2735,225.1843
1,0.3868,0.2779,0.0815,0.2538,221.4677
1,0.4317,0.0144,0.4052,0.1487,275.8487
1,0.7182,0.1356,0.0534,0.0928,243.4428
1,0.186,0.7215,0.0718,0.0207,164.1376
1,0.1436,0.2313,0.4244,0.2007,221.8139
1,0.0706,0.5219,0.2243,0.1832,214.828
1,0.3176,0.2723,0.371,0.0391,170.6972
1,0.093,0.3781,0.304,0.2249,221.4336
1,0.4036,0.2243,0.2027,0.1694,199.2417
1,0.2683,0.167,0.1434,0.4213,282.4387
1,0.2929,0.2006,0.192,0.3145,236.6931
1,0.0937,0.3031,0.3021,0.3012,245.968
1,0.2745,0.4546,0.2664,0.0046,156.0953
1,0.3344,0.0412,0.347,0.2773,287.0068
1,0.3739,0.2813,0.168,0.1767,195.02
1,0.2774,0.2651,0.2536,0.2038,200.3785
1,0.1474,0.3111,0.248,0.2935,226.9982
1,0.0685,0.364,0.3032,0.2643,243.4163
1,0.0425,0.0869,0.5558,0.3148,397.0334
1,0.2789,0.0082,0.5327,0.1803,324.7956
1,0.0814,0.5422,0.0467,0.3298,253.7443
1,0.4173,0.3827,0.0712,0.1288,187.0162
1,0.0867,0.2859,0.3892,0.2382,239.0507
1,0.3886,0.1901,0.0748,0.3466,266.4652
1,0.0625,0.1711,0.4032,0.3632,317.8233
1,0.3213,0.381,0.1395,0.1582,184.834
1,0.3357,0.2492,0.332,0.0831,178.9742
1,0.1612,0.2263,0.2509,0.3616,254.0555
1,0.0631,0.1001,0.4761,0.3606,362.06
1,0.2857,0.2141,0.3404,0.1598,198.3274
1,0.2128,0.4305,0.0597,0.2971,221.8808
1,0.1539,0.5681,0.035,0.243,214.1554
1,0.4363,0.4915,0.0533,0.0189,165.7659
1,0.3776,0.0901,0.4089,0.1233,217.9932
1,0.1031,0.3424,0.2089,0.3455,248.7021
1,0.1591,0.2984,0.3823,0.1603,200.7955
1,0.1749,0.529,0.2005,0.0957,173.843
1,0.2089,0.2563,0.3095,0.2253,210.2214
1,0.121,0.2907,0.2914,0.2969,236.762
1,0.0156,0.399,0.262,0.3233,337.2679
1,0.1377,0.4082,0.4447,0.0094,174.088
1,0.3093,0.166,0.2742,0.2505,225.2537
1,0.2576,0.1313,0.399,0.2121,229.3925
1,0.0269,0.4181,0.3721,0.1829,266.6414
1,0.2525,0.0483,0.3345,0.3646,318.1812
1,0.2622,0.3593,0.3639,0.0146,162.8891
1,0.3125,0.2288,0.1265,0.3322,241.4138
1,0.1832,0.3515,0.3507,0.1146,184.2918
1,0.1287,0.2969,0.2307,0.3437,245.3451
1,0.4772,0.0811,0.4139,0.0278,201.5578
1,0.0249,0.0924,0.5975,0.2852,432.1291
1,0.354,0.0114,0.2291,0.4055,388.478
1,0.2143,0.4603,0.2974,0.028,162.3575
1,0.0148,0.4079,0.329,0.2484,318.2668
1,0.3022,0.0202,0.3852,0.2925,322.8983
1,0.3314,0.1813,0.107,0.3802,270.0734
1,0.1382,0.4396,0.1711,0.2511,210.8962
1,0.2116,0.4593,0.3057,0.0234,162.0387
1,0.1736,0.2391,0.3111,0.2762,228.2847
1,0.332,0.1911,0.4182,0.0587,183.6621
1,0.3411,0.1292,0.3611,0.1686,215.3667
1,0.3858,0.2449,0.3492,0.02,169.2214
1,0.4278,0.0623,0.2972,0.2127,250.9557
1,0.4563,0.0396,0.2424,0.2617,284.2663
1,0.0638,0.5903,0.2825,0.0635,195.6867
1,0.2395,0.3352,0.3497,0.0756,174.282
1,0.2781,0.3465,0.2602,0.1153,177.3339
1,0.106,0.4419,0.1855,0.2666,221.6699
1,0.5696,0.0403,0.0074,0.3826,508.1596
1,0.3776,0.1275,0.4333,0.0616,195.493
1,0.4704,0.1191,0.3527,0.0577,195.5572
1,0.1842,0.3782,0.083,0.3546,239.1808
1,0.3456,0.2256,0.4194,0.0094,171.1651
1,0.1314,0.2018,0.2709,0.396,276.6611
1,0.0567,0.3024,0.0884,0.5525,368.5982
1,0.28,0.2246,0.1258,0.3696,253.25
1,0.2953,0.3349,0.3127,0.0571,168.5823
1,0.0605,0.5176,0.3805,0.0415,197.9614
1,0.137,0.5025,0.1312,0.2292,205.554
1,0.2609,0.2102,0.314,0.2149,210.8198
1,0.1073,0.446,0.1159,0.3308,239.3755
1,0.0557,0.4487,0.2166,0.279,248.7937
1,0.1984,0.2497,0.3281,0.2239,212.1894
1,0.2835,0.2987,0.3458,0.072,174.178
1,0.4183,0.2385,0.3344,0.0088,168.1369
1,0.2374,0.406,0.0456,0.311,228.6905
1,0.2728,0.3433,0.1509,0.233,201.9868
1,0.1265,0.1114,0.5859,0.1763,263.9422
1,0.3255,0.1717,0.2925,0.2103,214.4411
1,0.4102,0.2245,0.2494,0.1158,187.7043
1,0.1631,0.7166,0.103,0.0173,164.0959
1,0.2864,0.2895,0.3891,0.035,169.9304
1,0.1602,0.3616,0.3698,0.1084,186.1
1,0.2954,0.237,0.0505,0.4172,283.0191
1,0.3571,0.2007,0.4335,0.0087,174.165
1,0.2444,0.2352,0.2292,0.2912,225.2893
1,0.152,0.0049,0.3262,0.517,563.4216
1,0.3222,0.3375,0.0397,0.3006,233.6624
1,0.0061,0.2785,0.1214,0.594,602.6133
1,0.317,0.0533,0.2826,0.3471,301.209
1,0.2329,0.5261,0.0872,0.1538,183.5143
1,0.2078,0.3544,0.2248,0.213,198.3062
1,0.1612,0.4328,0.1187,0.2873,217.837
1,0.3124,0.1473,0.2709,0.2693,234.3891
1,0.2038,0.372,0.1887,0.2355,202.5404
1,0.0887,0.4056,0.166,0.3397,248.4708
1,0.219,0.0971,0.34,0.3439,280.9048
1,0.1006,0.4081,0.4036,0.0876,193.8213
1,0.3591,0.1461,0.0498,0.445,329.2248
1,0.0956,0.4917,0.207,0.2057,209.8205
1,0.0593,0.318,0.3374,0.2854,261.1656
1,0.2292,0.1708,0.1345,0.4655,300.5311
1,0.0617,0.1416,0.012,0.7847,734.6646
1,0.0876,0.4213,0.0828,0.4083,274.3039
1,0.4514,0.0305,0.3393,0.1788,263.9399
1,0.1396,0.1099,0.5463,0.2042,264.1283
1,0.2357,0.253,0.1647,0.3466,239.6715
1,0.2652,0.4358,0.2132,0.0858,168.9372
1,0.2237,0.1982,0.3322,0.2459,222.6159
1,0.4024,0.1443,0.2446,0.2086,220.9494
1,0.1254,0.1354,0.3212,0.418,309.3267
1,0.305,0.1412,0.2443,0.3095,247.452
1,0.391,0.2824,0.0105,0.3161,264.2888
1,0.0279,0.3051,0.1327,0.5344,401.5744
1,0.4102,0.0371,0.0632,0.4895,452.5579
1,0.3754,0.2672,0.243,0.1144,182.4798
1,0.2837,0.1422,0.3193,0.2548,233.1119
1,0.541,0.4106,0.037,0.0114,175.2602
1,0.2676,0.1014,0.3324,0.2985,259.9093
1,0.0465,0.4008,0.1238,0.429,309.0981
1,0.3523,0.0627,0.3582,0.2268,255.3937
1,0.2344,0.2759,0.3614,0.1284,188.352
1,0.3606,0.0382,0.2155,0.3857,333.5261
1,0.6597,0.2916,0.005,0.0437,214.9521
1,0.412,0.1351,0.0845,0.3684,291.2995
1,0.3963,0.048,0.2053,0.3504,310.5706
1,0.0421,0.2088,0.634,0.1151,275.3756
1,0.073,0.3766,0.3181,0.2323,232.7399
1,0.5067,0.0263,0.2075,0.2595,302.1701
1,0.0264,0.5092,0.4488,0.0155,230.1209
1,0.3161,0.3237,0.2678,0.0923,174.1836
1,0.369,0.3917,0.1477,0.0916,172.4971
1,0.3739,0.0492,0.3015,0.2753,278.0304
1,0.163,0.2641,0.3021,0.2709,224.9993
1,0.3414,0.0949,0.3991,0.1645,225.9818
1,0.3134,0.1113,0.335,0.2403,237.9682
1,0.0119,0.2841,0.3845,0.3195,380.7914
1,0.1898,0.1678,0.5038,0.1386,216.2467
1,0.2309,0.1831,0.3334,0.2526,226.5274
1,0.0733,0.0745,0.4835,0.3686,379.0621
1,0.3445,0.2163,0.3383,0.1008,185.7386
1,0.1663,0.1108,0.3312,0.3917,299.5386
1,0.0412,0.4087,0.2281,0.322,277.3569
1,0.4521,0.1247,0.1853,0.2379,238.4274
1,0.2102,0.3299,0.1435,0.3165,225.4531
1,0.1985,0.0603,0.4289,0.3123,302.5913
1,0.2825,0.1982,0.1394,0.3799,260.4036
1,0.2757,0.2808,0.0495,0.3941,266.0907
1,0.0686,0.1221,0.5378,0.2715,315.6111
1,0.2081,0.1762,0.3299,0.2858,238.3288
1,0.155,0.2823,0.4462,0.1165,197.3641
1,0.2369,0.0901,0.4024,0.2707,262.3893
1,0.1603,0.4951,0.1559,0.1887,193.2026
1,0.2355,0.1701,0.2988,0.2957,239.1398
1,0.2498,0.1131,0.237,0.4002,288.8517
1,0.3809,0.311,0.0472,0.2609,226.1592
1,0.1952,0.3238,0.194,0.287,218.1328
1,0.2655,0.3445,0.0058,0.3843,275.6094
1,0.5956,0.1031,0.0459,0.2554,300.6585
1,0.2714,0.3182,0.298,0.1124,179.137
1,0.2159,0.1702,0.2423,0.3715,262.2201
1,0.3104,0.0094,0.2926,0.3876,386.587
1,0.4044,0.1433,0.2567,0.1957,217.8983
1,0.0408,0.22,0.3749,0.3644,326.5318
1,0.2127,0.2907,0.4332,0.0634,179.8222
1,0.0968,0.2342,0.347,0.322,262.271
1,0.1388,0.3652,0.2497,0.2464,213.421
1,0.0566,0.4803,0.296,0.1671,222.447
1,0.115,0.5306,0.0375,0.3169,240.522
1,0.4493,0.2449,0.2993,0.0066,167.469
1,0.1504,0.1045,0.349,0.3961,309.5835
1,0.1388,0.2686,0.3373,0.2553,226.349
1,0.3428,0.1646,0.1423,0.3503,259.7806
1,0.4228,0.0114,0.2012,0.3646,370.0136
1,0.2803,0.385,0.2971,0.0376,163.3033

1,0.3376,0.1536,0.1986,0.3103,245.8528
1,0.1597,0.4757,0.026,0.3385,243.289
1,0.3081,0.3271,0.2532,0.1116,177.2941
1,0.1257,0.4333,0.2231,0.218,206.2739
1,0.1762,0.1894,0.3479,0.2865,240.4534
1,0.15,0.2855,0.2345,0.33,238.4551
1,0.338,0.2813,0.1148,0.2658,217.9798
1,0.0307,0.4174,0.0354,0.5165,390.2776
1,0.3445,0.0707,0.111,0.4737,363.9717
1,0.3188,0.273,0.1578,0.2505,211.6739
1,0.2994,0.115,0.3391,0.2466,238.9248
1,0.0723,0.313,0.4797,0.135,225.1892
1,0.2768,0.5123,0.0738,0.1371,180.7904
1,0.2739,0.1443,0.2429,0.339,256.0018
1,0.4564,0.0244,0.4571,0.0621,241.5988
1,0.1685,0.2767,0.1296,0.4251,268.38
1,0.6881,0.1804,0.0796,0.0519,210.6061
1,0.2624,0.1886,0.3454,0.2036,212.5102
1,0.4734,0.0226,0.2256,0.2784,310.3843
1,0.2977,0.1535,0.3376,0.2112,219.6315
1,0.5198,0.0929,0.0381,0.3492,343.4501
1,0.187,0.349,0.1662,0.2978,220.1832
1,0.0706,0.0729,0.1924,0.6641,546.3437
1,0.2002,0.2989,0.2725,0.2284,206.6351
1,0.2261,0.2147,0.3131,0.2461,219.2526
1,0.4944,0.1725,0.2921,0.041,182.888
1,0.1447,0.2191,0.2798,0.3564,257.5494
1,0.2698,0.3366,0.1161,0.2775,214.8857
1,0.4213,0.1302,0.2133,0.2352,232.9733
1,0.2311,0.1778,0.3865,0.2046,218.1243
1,0.1223,0.2274,0.1531,0.4972,312.4699
1,0.3611,0.0129,0.273,0.353,355.7529
1,0.3485,0.2475,0.1599,0.2441,213.4941
1,0.2069,0.2989,0.3166,0.1775,196.4345
1,0.2714,0.262,0.2131,0.2536,212.0739
1,0.0367,0.3123,0.4941,0.1568,262.0659
1,0.3647,0.2183,0.2938,0.1233,189.1299
1,0.3785,0.0346,0.3838,0.2031,269.0538
1,0.1408,0.2679,0.147,0.4443,279.8455
1,0.347,0.1405,0.2906,0.2219,223.8835
1,0.2351,0.4383,0.0712,0.2553,208.7595
1,0.3151,0.0278,0.3876,0.2694,301.7032
1,0.6687,0.0298,0.0014,0.3001,537.3585
1,0.3766,0.1128,0.3751,0.1355,212.5328
1,0.1076,0.204,0.309,0.3794,279.9105
1,0.2396,0.4066,0.3325,0.0213,162.2184
1,0.3273,0.0136,0.3323,0.3268,345.1424
1,0.0576,0.45,0.2589,0.2335,236.682
1,0.2402,0.0959,0.2168,0.4471,317.2832
1,0.0674,0.2423,0.626,0.0642,232.7171
1,0.2079,0.3007,0.2641,0.2274,205.49
1,0.4255,0.2837,0.1587,0.1321,187.8311
1,0.3342,0.3312,0.0459,0.2887,229.7179
1,0.2695,0.2006,0.4383,0.0916,190.9315
1,0.4039,0.0335,0.3136,0.249,282.7822
1,0.0319,0.3248,0.3171,0.3262,304.1076
1,0.037,0.3338,0.4578,0.1714,260.1634
1,0.1406,0.3228,0.2882,0.2484,217.3449
1,0.0959,0.2021,0.3397,0.3623,281.399
1,0.304,0.3016,0.1623,0.2321,204.348
1,0.2209,0.2432,0.3187,0.2172,209.29
1,0.0687,0.346,0.4702,0.115,219.4614
1,0.2311,0.4634,0.0988,0.2067,194.6599
1,0.1832,0.068,0.14,0.6088,448.1809
1,0.6109,0.2569,0.1294,0.0028,177.3929
1,0.3849,0.0342,0.1079,0.4731,411.7186
1,0.1823,0.038,0.2599,0.5198,420.9543
1,0.4179,0.4318,0.1441,0.0062,158.4369
1,0.7251,0.0467,0.0708,0.1574,305.3229
1,0.0932,0.2037,0.4188,0.2843,263.7559
1,0.2944,0.5304,0.0129,0.1623,196.4284
1,0.3414,0.1419,0.2004,0.3163,250.8101
1,0.4069,0.0018,0.1211,0.4702,502.8776
1,0.3315,0.3395,0.2699,0.0591,167.7515
1,0.3059,0.162,0.1784,0.3537,257.6258
1,0.1039,0.3866,0.0894,0.4201,273.3525
1,0.1813,0.1383,0.475,0.2053,238.6046
1,0.2444,0.2545,0.3111,0.1901,200.5691
1,0.116,0.4456,0.3334,0.105,188.7214
1,0.3138,0.3414,0.05,0.2947,228.6763
1,0.0642,0.3653,0.3895,0.1811,230.2699
1,0.372,0.0852,0.2569,0.2859,260.6783
1,0.2576,0.3111,0.3421,0.0891,176.9927
1,0.099,0.4725,0.2112,0.2173,211.702
1,0.2053,0.1124,0.3925,0.2899,261.6073
1,0.2941,0.1625,0.1176,0.4258,289.3413
1,0.2926,0.1468,0.3585,0.202,219.7449
1,0.2225,0.2638,0.179,0.3347,234.9675
1,0.1174,0.3661,0.298,0.2185,213.0646
1,0.3636,0.0373,0.2883,0.3108,301.0321
1,0.2186,0.2418,0.1862,0.3534,243.3077
1,0.2094,0.3414,0.1683,0.2809,214.8
1,0.0998,0.1663,0.1834,0.5505,363.9497
1,0.1328,0.404,0.3695,0.0937,185.9731
1,0.4361,0.1669,0.1442,0.2527,234.2972
1,0.1855,0.1619,0.5505,0.1021,213.4465
1,0.259,0.2184,0.1307,0.3919,261.1893
1,0.3522,0.0275,0.4156,0.2047,279.4232
1,0.0071,0.3988,0.2655,0.3286,398.865
1,0.4215,0.3268,0.1579,0.0938,177.2583
1,0.0399,0.2575,0.139,0.5636,401.2039
1,0.2407,0.3812,0.3319,0.0462,166.8434
1,0.4289,0.3141,0.1419,0.1151,183.1048
1,0.2372,0.183,0.377,0.2028,215.8951
1,0.13,0.4577,0.3521,0.0601,178.4109
1,0.3087,0.3375,0.1797,0.1741,188.9188
1,0.0825,0.1887,0.4407,0.2881,275.8708
1,0.3481,0.1931,0.341,0.1178,191.9987
1,0.0181,0.5004,0.1377,0.3438,328.076
1,0.1732,0.256,0.3812,0.1896,208.969
1,0.3248,0.2597,0.1238,0.2917,226.0857
1,0.2335,0.2365,0.2627,0.2673,219.7862
1,0.3356,0.1657,0.3925,0.1062,195.5325
1,0.2207,0.273,0.2309,0.2754,217.9826
1,0.1912,0.2845,0.2682,0.256,214.9187
1,0.2198,0.1487,0.2312,0.4003,277.7496
1,0.8156,0.0477,0.0924,0.0443,267.1025
1,0.0565,0.5416,0.0761,0.3258,263.3244
1,0.2808,0.3338,0.1913,0.1941,193.0929
1,0.2873,0.1413,0.2345,0.3369,256.0181
1,0.5382,0.0637,0.0,0.3981,506.8912
1,0.2062,0.0322,0.3596,0.4019,364.9354
1,0.379,0.2102,0.0447,0.3661,277.6153
1,0.3706,0.1989,0.3616,0.0689,182.5873
1,0.3301,0.1464,0.1981,0.3254,252.2067
1,0.2072,0.4054,0.2497,0.1376,181.573
1,0.0777,0.0234,0.3352,0.5637,586.2144
1,0.3905,0.0715,0.3011,0.2369,252.4695
1,0.0622,0.7026,0.2338,0.0014,185.1144
1,0.477,0.1859,0.2857,0.0515,182.3192
1,0.0102,0.2635,0.5411,0.1852,363.9284
1,0.1802,0.2585,0.3645,0.1968,208.592
1,0.0991,0.4576,0.3191,0.1242,195.8373
1,0.0392,0.6197,0.2257,0.1153,222.5342
1,0.2866,0.0723,0.3369,0.3042,275.2159
1,0.08,0.3866,0.117,0.4164,279.6355
1,0.1249,0.4682,0.3814,0.0255,174.6133
1,0.0471,0.3803,0.5093,0.0633,224.177
1,0.3641,0.2195,0.3428,0.0736,180.5278
1,0.0794,0.105,0.3051,0.5105,394.5493
1,0.3234,0.3268,0.2469,0.1028,175.6763
1,0.1286,0.3082,0.3709,0.1924,211.7858
1,0.4173,0.3061,0.1653,0.1113,181.4528
1,0.352,0.1818,0.1063,0.36,264.0392
1,0.162,0.4181,0.0086,0.4112,278.988
1,0.5709,0.2096,0.0126,0.2068,261.4338
1,0.2391,0.211,0.1628,0.3871,258.9714
1,0.1821,0.1983,0.3928,0.2268,224.9665
1,0.3221,0.0126,0.3479,0.3174,344.3933
1,0.337,0.1055,0.2948,0.2627,245.1217
1,0.259,0.1633,0.5329,0.0448,193.429
1,0.2864,0.2893,0.1321,0.2921,221.5792
1,0.1873,0.0025,0.4945,0.3157,446.1823
1,0.4101,0.1816,0.2988,0.1095,192.0863
1,0.1283,0.0936,0.5662,0.2119,280.526
1,0.334,0.1574,0.1852,0.3235,249.4345
1,0.2293,0.2535,0.1893,0.3279,233.7792
1,0.2652,0.0248,0.3449,0.3651,347.7228
1,0.3465,0.1367,0.4818,0.035,190.8257
1,0.2614,0.1738,0.3339,0.2309,221.265
1,0.5046,0.3279,0.1474,0.0201,168.1211
1,0.1737,0.4113,0.3963,0.0188,168.5151
1,0.3365,0.2284,0.1138,0.3213,240.3987
1,0.023,0.4335,0.0866,0.457,366.2505
1,0.2119,0.3713,0.3565,0.0604,171.859
1,0.4093,0.3415,0.2215,0.0277,163.5005
1,0.0648,0.3218,0.4193,0.1941,238.2658
1,0.4629,0.223,0.2484,0.0657,180.1183
1,0.2128,0.1713,0.4172,0.1987,221.1656
1,0.1881,0.3973,0.1501,0.2645,209.8092
1,0.3752,0.0158,0.1827,0.4263,394.7663
1,0.2726,0.1143,0.5468,0.0662,208.8129
1,0.1671,0.1135,0.2234,0.4961,338.6865
1,0.338,0.1791,0.2182,0.2647,226.8082
1,0.2087,0.3065,0.1578,0.327,229.7722
1,0.3245,0.4664,0.1146,0.0945,171.3523
1,0.1851,0.562,0.1331,0.1199,177.5411
1,0.0159,0.1332,0.6976,0.1533,394.8508
1,0.202,0.0184,0.3898,0.3897,391.5981
1,0.1696,0.0494,0.4596,0.3214,327.1437
1,0.6474,0.0415,0.0796,0.2315,324.5459
1,0.513,0.0127,0.2387,0.2355,309.6752
1,0.498,0.0975,0.2171,0.1874,234.0213
1,0.4103,0.4419,0.1271,0.0207,160.8558
1,0.1192,0.3914,0.3956,0.0938,190.4319
1,0.3305,0.1913,0.137,0.3413,250.6637
1,0.0791,0.467,0.2889,0.165,209.8131
1,0.2076,0.3445,0.2783,0.1696,190.8049
1,0.2638,0.0452,0.2981,0.393,330.752
1,0.2527,0.3591,0.0482,0.34,239.5727
1,0.2104,0.296,0.338,0.1556,192.7115
1,0.2784,0.0605,0.325,0.3361,294.083
1,0.3538,0.1363,0.1352,0.3748,278.3083
1,0.2917,0.165,0.4447,0.0986,197.2738
1,0.1379,0.2777,0.4348,0.1496,206.8857
1,0.2705,0.1294,0.3202,0.2799,244.0294
1,0.2962,0.2913,0.1514,0.2612,212.5276
1,0.2548,0.2905,0.29,0.1648,191.2403
1,0.3914,0.2002,0.0995,0.3089,246.7361
1,0.1136,0.3467,0.2412,0.2986,232.8319
1,0.549,0.0275,0.3825,0.041,232.2103
1,0.3074,0.3479,0.1442,0.2005,194.8812
1,0.3536,0.2057,0.2294,0.2112,209.2424
1,0.3485,0.3269,0.2931,0.0315,164.2713
1,0.279,0.353,0.0087,0.3593,263.286
1,0.1119,0.2577,0.3253,0.3052,247.0842
1,0.0362,0.0694,0.5328,0.3617,453.6328
1,0.0383,0.489,0.0946,0.3781,298.7639
1,0.1726,0.3392,0.22,0.2681,214.6655
1,0.1894,0.2677,0.1805,0.3624,244.7737
1,0.0401,0.0959,0.2757,0.5883,510.0452
1,0.0024,0.472,0.2095,0.316,482.6287
1,0.1736,0.3589,0.0372,0.4302,275.9915
1,0.0116,0.065,0.4937,0.4297,634.5894
1,0.0207,0.2844,0.3637,0.3312,343.0338
1,0.525,0.1133,0.0002,0.3615,401.3717
1,0.5176,0.299,0.012,0.1714,227.6962
1,0.295,0.0867,0.3487,0.2695,256.8448
1,0.0867,0.2365,0.2733,0.4035,289.0379
1,0.4229,0.289,0.0559,0.2322,221.4803
1,0.1229,0.3142,0.3286,0.2343,220.0918
1,0.1574,0.3806,0.1263,0.3357,232.9747
1,0.2299,0.1456,0.5365,0.088,207.9819
1,0.4213,0.0984,0.0642,0.4161,340.725
1,0.4414,0.3384,0.1965,0.0236,164.166
1,0.2893,0.3358,0.1332,0.2417,205.2295
1,0.0941,0.2995,0.3439,0.2626,238.0327
1,0.1917,0.2242,0.3505,0.2336,219.2941
1,0.2483,0.2518,0.2505,0.2494,212.8211
1,0.0895,0.33,0.2072,0.3733,263.3071
1,0.3555,0.2491,0.2426,0.1527,191.2696
1,0.0009,0.1519,0.4177,0.4295,843.2273
1,0.4617,0.0948,0.3467,0.0968,209.8146
1,0.259,0.2645,0.2668,0.2097,202.3042
1,0.0328,0.3764,0.2428,0.3481,300.9132
1,0.2231,0.3923,0.3675,0.0172,163.9067
1,0.0541,0.3662,0.3478,0.2319,247.297
1,0.1464,0.0119,0.5608,0.2809,412.8073
1,0.3492,0.2283,0.0038,0.4187,323.8241
1,0.1308,0.3462,0.2058,0.3172,233.0544
1,0.1102,0.3961,0.2294,0.2644,222.1302
1,0.1493,0.2578,0.2142,0.3787,256.0923
1,0.458,0.0452,0.2123,0.2844,289.7657
1,0.2139,0.2871,0.2026,0.2964,222.264
1,0.2843,0.0144,0.2405,0.4608,416.4288
1,0.2649,0.4076,0.1757,0.1517,181.6892
1,0.1815,0.0868,0.413,0.3186,288.5563
1,0.1508,0.3432,0.4098,0.0962,187.9777
1,0.3513,0.0726,0.1424,0.4337,334.1103
1,0.1921,0.1679,0.1255,0.5145,326.8691
1,0.2756,0.1645,0.4287,0.1312,203.8637
1,0.2011,0.2886,0.0795,0.4308,271.9423
1,0.4899,0.4106,0.0823,0.0172,167.2607
1,0.0285,0.1232,0.341,0.5073,467.0976
1,0.0442,0.2203,0.26,0.4755,358.9849
1,0.2079,0.164,0.4677,0.1604,217.3678
1,0.1265,0.1473,0.3713,0.355,284.8943
1,0.5131,0.0901,0.0798,0.317,304.961
1,0.2962,0.2188,0.2571,0.2279,210.8507
1,0.0791,0.3159,0.2955,0.3095,253.3323
1,0.4074,0.3404,0.0806,0.1716,197.0509
1,0.3065,0.1125,0.1489,0.4321,306.7559
1,0.4038,0.0773,0.2243,0.2945,269.3253
1,0.3986,0.3236,0.1195,0.1584,191.317
1,0.1615,0.4429,0.2022,0.1934,194.8766
1,0.2406,0.2407,0.3495,0.1692,199.067
1,0.4094,0.1876,0.1355,0.2675,233.395
1,0.2598,0.3075,0.0296,0.4031,272.3492
1,0.352,0.1779,0.0447,0.4254,309.2237
1,0.3792,0.0478,0.3021,0.2709,277.703
1,0.027,0.343,0.2162,0.4138,339.7375
1,0.1232,0.0357,0.4398,0.4012,403.217
1,0.2992,0.2449,0.3735,0.0823,180.755
1,0.3283,0.0232,0.1758,0.4727,407.1535
1,0.3679,0.3027,0.0581,0.2714,226.6548
1,0.2,0.2087,0.378,0.2133,217.1972
1,0.0072,0.2322,0.5858,0.1747,402.4282
1,0.4446,0.4247,0.039,0.0916,183.8882
1,0.284,0.0859,0.5036,0.1264,228.3604
1,0.1737,0.2931,0.2361,0.2971,225.5336
1,0.148,0.1242,0.4906,0.2373,260.1316
1,0.2969,0.0418,0.3415,0.3197,303.4626
1,0.476,0.1802,0.0264,0.3174,287.8692
1,0.3476,0.2156,0.3966,0.0402,176.5696
1,0.3348,0.1991,0.2539,0.2122,210.0371
1,0.2125,0.0942,0.4789,0.2144,252.6156
1,0.2935,0.3459,0.2373,0.1233,178.3863
1,0.1334,0.3602,0.2572,0.2493,215.5755
1,0.2065,0.3388,0.3104,0.1443,187.1524
1,0.2528,0.2118,0.2684,0.267,222.4171
1,0.1122,0.0992,0.6676,0.121,269.1807
1,0.3844,0.1201,0.4225,0.0731,199.0524
1,0.3792,0.1359,0.2702,0.2147,223.6199
1,0.1623,0.3298,0.168,0.34,235.4129
1,0.1356,0.1837,0.3498,0.3309,262.5372
1,0.3017,0.0996,0.3469,0.2518,245.997
1,0.2692,0.3488,0.145,0.237,202.8128
1,0.1928,0.2643,0.2613,0.2816,222.9095
1,0.1619,0.2842,0.405,0.1488,200.3785
1,0.0753,0.3343,0.3006,0.2898,248.4727
1,0.2727,0.3112,0.2283,0.1877,193.1609
1,0.4763,0.1207,0.0672,0.3358,297.3897
1,0.0742,0.0128,0.309,0.604,697.4372
1,0.3637,0.228,0.3315,0.0767,179.9475
1,0.0894,0.1646,0.42,0.326,289.203
1,0.1212,0.4363,0.1772,0.2652,217.6449
1,0.1212,0.2963,0.2606,0.3219,241.8149
1,0.3134,0.1819,0.3495,0.1552,201.7417
1,0.1023,0.7173,0.0718,0.1086,191.4592
1,0.2671,0.3378,0.234,0.1611,186.3118
1,0.1426,0.2312,0.289,0.3372,250.5042
1,0.2927,0.2846,0.1558,0.2669,214.3291
1,0.2983,0.1767,0.1115,0.4136,281.5206
1,0.202,0.3233,0.2668,0.2079,200.1035
1,0.3547,0.1345,0.366,0.1448,208.8155
1,0.3187,0.2147,0.1785,0.2881,227.77
1,0.199,0.3704,0.3033,0.1272,182.7638
1,0.1419,0.2353,0.5157,0.1071,207.1916
1,0.0188,0.0395,0.529,0.4127,646.2789
1,0.0604,0.4776,0.432,0.0301,199.3515
1,0.3259,0.0144,0.24,0.4198,389.0975
1,0.5119,0.2492,0.0839,0.155,208.1578
1,0.3218,0.1784,0.0958,0.404,281.2753
1,0.2526,0.2356,0.2525,0.2594,217.0384
1,0.1879,0.3546,0.3235,0.1339,186.2982
1,0.1522,0.3436,0.2202,0.2839,220.9346
1,0.8266,0.0509,0.0208,0.1017,339.9113
1,0.2957,0.1271,0.1827,0.3945,282.2462
1,0.0656,0.5187,0.1976,0.2181,224.9908
1,0.3337,0.0896,0.5516,0.0251,205.3833
1,0.1734,0.4371,0.0422,0.3474,241.6332
1,0.2831,0.0975,0.3694,0.25,247.9635
1,0.0874,0.7028,0.0651,0.1447,203.4645
1,0.0474,0.2086,0.2781,0.4659,354.4182
1,0.0305,0.0322,0.6096,0.3277,566.3146
1,0.3,0.0662,0.3362,0.2976,276.0891
1,0.1055,0.3805,0.2083,0.3056,234.3776
1,0.4355,0.0516,0.2351,0.2779,279.953
1,0.3389,0.0223,0.093,0.5458,496.0846
1,0.1475,0.4427,0.2007,0.209,200.0045
1,0.1861,0.2323,0.2703,0.3113,235.6378
1,0.3186,0.397,0.209,0.0754,167.8252
1,0.0487,0.0429,0.4909,0.4175,499.7912
1,0.0038,0.3694,0.3021,0.3246,457.0105
1,0.2947,0.0112,0.3842,0.31,350.579
1,0.0321,0.3346,0.4402,0.1931,271.6353
1,0.3509,0.0772,0.2913,0.2805,262.4181
1,0.3417,0.2145,0.2968,0.1469,194.1338
1,0.0213,0.3786,0.3552,0.2448,298.8244
1,0.6247,0.0252,0.0965,0.2536,341.7247
1,0.4395,0.1886,0.2125,0.1594,203.1443
1,0.1869,0.2366,0.3776,0.1989,211.434
1,0.0836,0.2354,0.3589,0.3221,269.1567
1,0.3418,0.4369,0.1399,0.0814,169.0029
1,0.2321,0.0592,0.1305,0.5782,433.4022
1,0.3158,0.2251,0.2107,0.2484,215.1247
1,0.2234,0.2871,0.343,0.1464,190.9045
1,0.4092,0.442,0.0518,0.097,180.3694
1,0.2583,0.326,0.0893,0.3263,231.362
1,0.2596,0.467,0.2287,0.0447,161.8573
1,0.2591,0.2498,0.3338,0.1573,194.3372
1,0.09,0.0868,0.486,0.3372,339.6388
1,0.3041,0.1111,0.0032,0.5816,509.1961
1,0.2254,0.2991,0.0079,0.4675,314.7571
1,0.0861,0.1344,0.3907,0.3887,322.9626
1,0.2039,0.3276,0.1681,0.3004,220.9931
1,0.3321,0.2822,0.3366,0.0492,170.6276
1,0.2294,0.288,0.2572,0.2254,204.6706
1,0.2123,0.3981,0.3801,0.0096,163.6527
1,0.0402,0.4297,0.412,0.118,233.5692
1,0.1326,0.3747,0.332,0.1607,198.3643
1,0.6497,0.1643,0.1794,0.0066,188.8252
1,0.0865,0.3109,0.3339,0.2687,241.1264
1,0.052,0.4702,0.4611,0.0167,204.1818
1,0.2694,0.0462,0.2592,0.4253,343.4219
1,0.3754,0.0271,0.5338,0.0636,246.2978
1,0.1997,0.1779,0.3643,0.258,233.0402
1,0.3016,0.2473,0.2502,0.2008,201.2461
1,0.3898,0.1879,0.4133,0.009,175.1198
1,0.0202,0.3104,0.5386,0.1307,292.11
1,0.4665,0.4759,0.0167,0.0409,178.6364
1,0.4204,0.1195,0.0539,0.4062,328.6723
1,0.1308,0.4303,0.2828,0.1561,193.971
1,0.466,0.3507,0.1464,0.0369,168.0833
1,0.178,0.0352,0.2752,0.5116,422.7265
1,0.372,0.2327,0.1662,0.229,212.1188
1,0.1833,0.2453,0.1886,0.3827,254.4989
1,0.3875,0.2556,0.3235,0.0335,170.0577
1,0.2414,0.3587,0.2226,0.1773,189.0715
1,0.22,0.1897,0.335,0.2553,226.8557
1,0.3793,0.2516,0.2984,0.0708,176.2642
1,0.2862,0.4455,0.2403,0.028,159.2705
1,0.3035,0.4702,0.1658,0.0605,163.906
1,0.1681,0.2015,0.406,0.2243,226.586
1,0.2183,0.0492,0.5942,0.1384,268.3916
1,0.0064,0.3993,0.514,0.0802,337.6565
1,0.3196,0.1919,0.3585,0.1301,195.2385
1,0.3335,0.0903,0.3165,0.2598,250.5548
1,0.2335,0.265,0.3445,0.157,194.3415
1,0.0848,0.3996,0.1004,0.4151,277.2451
1,0.15,0.289,0.205,0.356,245.2423
1,0.1857,0.1779,0.0358,0.6006,404.3505
1,0.5022,0.1185,0.3724,0.0069,187.2326
1,0.1751,0.278,0.3397,0.2072,208.4739
1,0.2168,0.3666,0.3406,0.076,173.8195
1,0.2449,0.2465,0.3126,0.1961,202.7241
1,0.3487,0.3495,0.0834,0.2184,204.2192
1,0.2562,0.384,0.0248,0.3349,243.0639
1,0.3114,0.0295,0.2381,0.4211,361.1281
1,0.1853,0.2856,0.2483,0.2808,221.0306
1,0.1937,0.4097,0.2664,0.1303,181.3707
1,0.2734,0.1545,0.1472,0.4249,287.2522
1,0.2345,0.1372,0.5383,0.09,210.1056
1,0.4011,0.23,0.0496,0.3192,256.5987
1,0.2583,0.2138,0.2745,0.2535,218.6641
1,0.3419,0.2663,0.3837,0.0081,166.3372
1,0.4322,0.0865,0.2561,0.2252,243.8253
1,0.2016,0.359,0.1773,0.262,209.5307
1,0.4497,0.1459,0.2954,0.1091,199.1621
1,0.1357,0.0922,0.5069,0.2652,289.0231
1,0.0852,0.5842,0.1707,0.1598,202.7821
1,0.0804,0.4321,0.0339,0.4536,304.3888
1,0.1469,0.1024,0.1374,0.6133,425.5
1,0.1903,0.2659,0.2586,0.2852,223.8493
1,0.3733,0.3772,0.0074,0.2421,229.822
1,0.2,0.0614,0.2841,0.4545,350.8062
1,0.1818,0.281,0.3737,0.1635,199.5981
1,0.1164,0.3782,0.4486,0.0568,187.6724
1,0.5069,0.2932,0.1312,0.0687,180.1748
1,0.0529,0.4035,0.2803,0.2633,250.8569
1,0.1752,0.3275,0.2828,0.2144,204.1212
1,0.457,0.3244,0.1484,0.0702,174.912
1,0.2987,0.4929,0.0484,0.1601,188.7254
1,0.0919,0.1289,0.4453,0.3339,306.82
1,0.4887,0.0261,0.3932,0.0919,245.2499
1,0.394,0.4819,0.0922,0.0319,163.109
1,0.322,0.0976,0.2539,0.3265,267.7956
1,0.3311,0.2421,0.21,0.2168,205.7125
1,0.2859,0.155,0.2203,0.3388,253.0772
1,0.2196,0.1255,0.4142,0.2407,242.564
1,0.3117,0.1873,0.1795,0.3216,241.9318
1,0.4044,0.056,0.3597,0.1799,245.7705
1,0.4466,0.0837,0.4534,0.0163,199.3288
1,0.3481,0.3065,0.1802,0.1653,189.6211
1,0.0737,0.2971,0.2627,0.3665,274.1963
1,0.3228,0.2127,0.3046,0.1599,197.1551
1,0.2902,0.0925,0.0006,0.6167,593.0547
1,0.2155,0.3798,0.364,0.0407,168.3612
1,0.4978,0.0831,0.3031,0.116,218.9844
1,0.2838,0.3237,0.0251,0.3674,260.1152
1,0.2325,0.2689,0.2524,0.2462,210.9443
1,0.2342,0.3198,0.2603,0.1857,193.6546
1,0.2861,0.1068,0.335,0.2722,249.2197
1,0.2418,0.1657,0.2901,0.3025,241.4302
1,0.1819,0.5771,0.183,0.0579,166.7254
1,0.4197,0.3236,0.0869,0.1698,197.7714
1,0.3414,0.0556,0.2934,0.3097,285.2744
1,0.3964,0.3065,0.0122,0.285,249.199
1,0.4094,0.1023,0.3976,0.0907,206.5799
1,0.3229,0.203,0.3334,0.1407,195.1128
1,0.1553,0.1282,0.2464,0.4701,322.1771
1,0.1291,0.2219,0.1277,0.5213,324.5945
1,0.3812,0.0446,0.2265,0.3476,310.3109
1,0.3563,0.0508,0.0781,0.5147,428.738
1,0.4288,0.1351,0.2708,0.1653,213.2223
1,0.2376,0.2347,0.341,0.1867,203.327
1,0.114,0.1566,0.4765,0.253,263.0555
1,0.2107,0.2237,0.2726,0.2931,229.7929
1,0.2855,0.0194,0.3033,0.3918,366.0051
1,0.2208,0.2459,0.3818,0.1516,197.4103
1,0.33,0.2396,0.194,0.2364,210.8994
1,0.2178,0.2043,0.439,0.1389,203.0173
1,0.4446,0.011,0.0402,0.5042,585.8283
1,0.0328,0.3406,0.2534,0.3732,313.5592
1,0.3078,0.1459,0.1339,0.4124,287.4494
1,0.3061,0.3027,0.185,0.2062,197.847
1,0.2098,0.1962,0.2761,0.318,241.3446
1,0.37,0.1338,0.4307,0.0654,194.7794
1,0.2501,0.5274,0.0141,0.2084,206.4356
1,0.4713,0.1241,0.1767,0.2278,237.596
1,0.2442,0.1331,0.0649,0.5577,381.6366
1,0.3699,0.3653,0.0859,0.1789,194.8035
1,0.2371,0.3563,0.2373,0.1694,187.8852
1,0.1571,0.1336,0.3024,0.4068,295.7724
1,0.155,0.355,0.3805,0.1095,187.8002
1,0.247,0.2019,0.2977,0.2534,221.3909
1,0.325,0.2542,0.0833,0.3375,245.2611
1,0.3163,0.0694,0.224,0.3903,307.3464
1,0.0375,0.4975,0.2978,0.1672,239.4621
1,0.2522,0.2591,0.2764,0.2123,203.7988
1,0.3996,0.129,0.3166,0.1549,211.6639
1,0.275,0.0555,0.3859,0.2836,282.6621
1,0.4149,0.0473,0.3234,0.2144,260.5619
1,0.3266,0.284,0.1615,0.2279,205.2352
1,0.3395,0.2721,0.1738,0.2146,203.0873
1,0.4039,0.4142,0.007,0.1749,211.3035
1,0.198,0.3796,0.1989,0.2235,199.9202
1,0.2889,0.3534,0.1413,0.2165,198.0415
1,0.0945,0.1033,0.4052,0.397,339.6632
1,0.222,0.1306,0.1705,0.4769,316.9193
1,0.3431,0.3031,0.1604,0.1934,196.2916
1,0.2659,0.2649,0.2075,0.2618,213.8821
1,0.1956,0.3,0.2601,0.2444,210.2771
1,0.3926,0.3051,0.1992,0.1031,178.3374
1,0.2929,0.3642,0.1667,0.1762,188.1563
1,0.1304,0.3134,0.1715,0.3847,255.558
1,0.3539,0.2443,0.2462,0.1556,192.3134
1,0.2471,0.1704,0.365,0.2175,220.5903
1,0.1618,0.0911,0.3166,0.4305,326.3757
1,0.2941,0.0589,0.316,0.331,292.2581
1,0.338,0.0478,0.2944,0.3198,295.0515
1,0.0729,0.3524,0.2688,0.3058,251.3913
1,0.296,0.3602,0.0934,0.2503,208.7135
1,0.3628,0.1663,0.3401,0.1308,198.8199
1,0.1346,0.1597,0.5538,0.1519,235.6889
1,0.2938,0.2385,0.3153,0.1524,193.1161
1,0.1571,0.2008,0.268,0.3741,263.8605
1,0.4309,0.0645,0.3043,0.2003,246.392
1,0.254,0.1291,0.3197,0.2971,249.8624
1,0.2954,0.2533,0.2136,0.2377,209.0475
1,0.0978,0.3794,0.094,0.4289,278.606
1,0.4708,0.1608,0.1957,0.1727,213.22
1,0.1084,0.1211,0.4103,0.3602,307.9459
1,0.3133,0.3346,0.1746,0.1776,189.9448
1,0.1194,0.2993,0.4941,0.0873,200.2007
1,0.0998,0.2808,0.3125,0.3068,248.1117
1,0.2261,0.2722,0.2782,0.2234,206.2111
1,0.1634,0.1368,0.434,0.2659,255.7172
1,0.4446,0.2618,0.0284,0.2653,245.3918
1,0.3515,0.2833,0.317,0.0482,169.9899
1,0.4414,0.4327,0.1089,0.0169,162.4319
1,0.105,0.1614,0.3847,0.3489,287.2538
1,0.2037,0.2187,0.4091,0.1684,206.9063
1,0.4816,0.0178,0.2265,0.2742,315.9998
1,0.1054,0.2792,0.3565,0.2589,235.8688
1,0.0557,0.4313,0.3623,0.1507,224.1787
1,0.2005,0.0537,0.332,0.4138,341.7487
1,0.3395,0.0451,0.3538,0.2616,278.4097
1,0.279,0.3647,0.2669,0.0893,172.0277
1,0.0211,0.4053,0.4228,0.1508,275.3946
1,0.6967,0.1701,0.0878,0.0454,210.2968
1,0.2168,0.397,0.0587,0.3275,231.8453
1,0.5462,0.0345,0.2734,0.1459,254.7047
1,0.3439,0.0483,0.3764,0.2314,267.0748
1,0.2232,0.3156,0.2414,0.2198,201.4067
1,0.0574,0.4663,0.4297,0.0465,204.3594
1,0.1281,0.2498,0.308,0.3141,245.2111
1,0.4873,0.0588,0.1973,0.2566,273.6089
1,0.1874,0.347,0.3359,0.1297,186.37
1,0.271,0.2505,0.2839,0.1947,200.4133
1,0.1283,0.6144,0.2173,0.04,170.6775
1,0.0063,0.3615,0.2824,0.3497,423.1316
1,0.247,0.2528,0.3649,0.1353,191.252
1,0.5644,0.3426,0.0519,0.0412,183.6717
1,0.3364,0.0922,0.3329,0.2385,244.048
1,0.2001,0.1314,0.336,0.3325,265.2965
1,0.233,0.0443,0.3885,0.3341,316.2091
1,0.2857,0.1902,0.3965,0.1276,197.042
1,0.4312,0.3036,0.2053,0.06,171.7684
1,0.353,0.1623,0.1463,0.3384,256.5172
1,0.6159,0.1527,0.0216,0.2099,279.804
1,0.2097,0.3386,0.142,0.3097,223.1102
1,0.2587,0.3578,0.2465,0.1371,181.0267
1,0.1647,0.2474,0.3636,0.2242,218.0912
1,0.4347,0.0442,0.2279,0.2933,291.5835
1,0.4378,0.2893,0.0708,0.202,211.7921
1,0.2989,0.1759,0.2201,0.305,238.0957
1,0.2247,0.1728,0.4694,0.1332,208.1108
1,0.1576,0.5928,0.0994,0.1502,186.9659
1,0.1935,0.0705,0.5717,0.1642,262.6809
1,0.4166,0.3965,0.0129,0.1741,209.9377
1,0.5077,0.4126,0.0605,0.0192,170.8159
1,0.3562,0.4891,0.0463,0.1083,180.0123
1,0.3917,0.5362,0.0416,0.0304,166.774
1,0.3183,0.2601,0.2129,0.2087,201.7806
1,0.4756,0.3232,0.1011,0.1001,184.6678
1,0.4949,0.269,0.072,0.1641,208.5879
1,0.4396,0.147,0.3765,0.037,185.7541
1,0.267,0.1833,0.2059,0.3438,248.5172
1,0.7428,0.0808,0.0711,0.1053,265.897
1,0.4401,0.1829,0.1866,0.1904,212.1975
1,0.1857,0.5136,0.0994,0.2013,194.9941
1,0.34,0.2965,0.108,0.2555,214.5726
1,0.2059,0.1969,0.5806,0.0166,190.0175
1,0.4176,0.0809,0.4923,0.0092,200.4142
1,0.3188,0.159,0.1337,0.3885,274.6904
1,0.1788,0.1301,0.2479,0.4431,305.431
1,0.117,0.5387,0.0034,0.341,261.2952
1,0.1667,0.2561,0.1985,0.3786,253.5511
1,0.1872,0.3295,0.4013,0.082,181.3113
1,0.0637,0.5914,0.1621,0.1828,217.515
1,0.0872,0.396,0.4773,0.0395,193.9894
1,0.3929,0.056,0.2521,0.2989,282.0105
1,0.1848,0.1238,0.3318,0.3596,278.9552
1,0.4005,0.0699,0.2116,0.318,282.0781
1,0.2376,0.2916,0.251,0.2198,202.6448
1,0.2939,0.1965,0.254,0.2557,220.9274
1,0.2806,0.2787,0.1848,0.2559,211.2775
1,0.3404,0.1652,0.1331,0.3613,264.313
1,0.0373,0.1389,0.7122,0.1116,315.8084
1,0.326,0.2614,0.091,0.3216,238.1784
1,0.3662,0.5982,0.0102,0.0254,170.9921
1,0.3892,0.4228,0.0587,0.1294,185.666
1,0.2307,0.2443,0.1631,0.3619,245.7112
2,0.2502,0.4379,0.2505,0.0614,165.5724
2,0.3104,0.3731,0.2555,0.0611,166.4987
2,0.3205,0.4272,0.1921,0.0601,164.5095
2,0.2841,0.4266,0.2485,0.0407,161.7556
2,0.2902,0.4411,0.2357,0.0329,160.0239
2,0.2456,0.4334,0.2526,0.0684,166.9943
2,0.265,0.4291,0.2531,0.0528,164.0218
2,0.3251,0.4379,0.224,0.013,156.8347
2,0.2904,0.4398,0.197,0.0728,166.323
2,0.2892,0.445,0.2658,0.0,155.3476
2,0.292,0.4367,0.241,0.0304,159.7586
2,0.2643,0.423,0.2565,0.0561,164.7676
2,0.3227,0.4722,0.2022,0.003,154.6878
2,0.3361,0.4079,0.2083,0.0477,163.0326
2,0.2792,0.4829,0.2379,0.0,154.5459
2,0.291,0.4999,0.1981,0.0111,155.6392
2,0.2761,0.4048,0.2559,0.0631,166.143
2,0.29,0.4402,0.1928,0.0771,167.0509
2,0.2601,0.4188,0.2538,0.0674,166.7665
2,0.3194,0.4383,0.2422,0.0001,155.0118
2,0.2891,0.4508,0.2601,0.0,155.1584
2,0.2815,0.4311,0.2874,0.0,156.1152
2,0.2944,0.4193,0.2254,0.061,164.8782
2,0.2916,0.4491,0.2593,0.0,155.1486
2,0.2952,0.4436,0.2277,0.0334,159.9445
2,0.3176,0.4545,0.2279,0.0,154.5857
2,0.2585,0.4741,0.2326,0.0348,160.2682
2,0.2966,0.4117,0.258,0.0337,161.0194
2,0.2861,0.4313,0.2482,0.0344,160.632
2,0.336,0.4509,0.2131,0.0,154.6491
2,0.2592,0.4315,0.2723,0.037,161.9269
2,0.2926,0.4733,0.2341,0.0,154.4652
2,0.2823,0.3974,0.276,0.0444,163.5461
2,0.2469,0.4166,0.2823,0.0542,165.5822
2,0.2772,0.4467,0.2402,0.0359,160.5883
2,0.2762,0.4216,0.2616,0.0407,162.1821
2,0.2949,0.4707,0.1952,0.0393,160.3137
2,0.2837,0.4016,0.2422,0.0724,167.4925
2,0.2619,0.3933,0.2682,0.0766,169.208
2,0.2839,0.4805,0.2241,0.0115,156.0892
2,0.3162,0.4116,0.2112,0.0609,164.9767
2,0.2764,0.4667,0.2236,0.0333,159.7041
2,0.3007,0.4598,0.2395,0.0,154.65
2,0.2991,0.411,0.2666,0.0232,159.4977
2,0.3272,0.4607,0.2121,0.0,154.4356
2,0.2546,0.4507,0.2731,0.0216,159.3147
2,0.2578,0.4329,0.2562,0.053,164.196
2,0.2808,0.4559,0.2633,0.0,155.2416
2,0.2823,0.4404,0.2474,0.03,159.7981
2,0.268,0.4635,0.2603,0.0082,156.5316
2,0.3053,0.4552,0.2395,0.0,154.6969
2,0.293,0.4119,0.2255,0.0695,166.4808
2,0.3327,0.4251,0.2421,0.0,155.296
2,0.2931,0.4356,0.242,0.0293,159.6154
2,0.2573,0.4369,0.2902,0.0156,158.9272
2,0.3198,0.4119,0.2426,0.0257,159.4972
2,0.2903,0.4767,0.1999,0.033,159.2716
2,0.2492,0.4703,0.2441,0.0364,160.9644
2,0.3274,0.4577,0.215,0.0,154.4921
2,0.3004,0.4651,0.19,0.0445,161.2144
2,0.2742,0.4987,0.2271,0.0,154.3508
2,0.2579,0.4273,0.2471,0.0676,166.565
2,0.2886,0.467,0.2129,0.0315,159.2224
2,0.2522,0.4899,0.2579,0.0,155.3344
2,0.3049,0.3773,0.2509,0.0669,167.2832
2,0.2409,0.4482,0.2624,0.0485,163.7884
2,0.2666,0.4248,0.2537,0.055,164.453
2,0.2477,0.4626,0.2576,0.0321,160.6622
2,0.3164,0.4772,0.2028,0.0036,154.6947
2,0.2521,0.461,0.2869,0.0,156.256
2,0.2897,0.4517,0.1957,0.0629,164.4471
2,0.2877,0.4538,0.2474,0.0111,156.6054
2,0.3099,0.4573,0.1872,0.0456,161.5197
2,0.3093,0.4302,0.2243,0.0362,160.5738
2,0.3216,0.4417,0.2358,0.0009,155.0044
2,0.3342,0.4449,0.2201,0.0009,154.8947
2,0.3132,0.4182,0.2686,0.0,155.7575
2,0.3085,0.4588,0.2127,0.02,157.4721
2,0.3101,0.4607,0.2292,0.0,154.504
2,0.3263,0.398,0.2421,0.0335,161.1079
2,0.2425,0.4831,0.2105,0.064,165.0542
2,0.2428,0.4382,0.2553,0.0637,166.2476
2,0.3028,0.4677,0.2182,0.0112,156.0362
2,0.2705,0.4518,0.2446,0.0331,160.2363
2,0.3159,0.3941,0.2391,0.0509,163.9708
2,0.2997,0.4775,0.2048,0.0181,156.9122
2,0.2455,0.4194,0.2765,0.0586,166.1586
2,0.2968,0.4284,0.2318,0.043,161.7871
2,0.3086,0.4002,0.2212,0.07,166.8171
2,0.243,0.4914,0.2288,0.0368,160.7721
2,0.2762,0.4189,0.229,0.0759,167.5768
2,0.2399,0.4687,0.2478,0.0436,162.4738
2,0.2777,0.4117,0.2665,0.0442,163.0354
2,0.2546,0.4424,0.2765,0.0265,160.2871
2,0.2455,0.441,0.2421,0.0713,167.1608
2,0.2438,0.4594,0.2436,0.0532,163.9585
2,0.2843,0.4264,0.2894,0.0,156.2106
2,0.2992,0.4526,0.2404,0.0079,155.9615
2,0.2778,0.4551,0.2065,0.0605,164.1208
2,0.3318,0.4225,0.2156,0.0301,159.822
2,0.2557,0.4454,0.2482,0.0507,163.5081
2,0.3314,0.4175,0.242,0.0092,156.8467
2,0.2528,0.4868,0.2603,0.0,155.3888
2,0.2675,0.45,0.2374,0.0451,162.1188
2,0.3143,0.4276,0.2065,0.0515,163.0316
2,0.2989,0.4691,0.232,0.0,154.4534
2,0.2616,0.487,0.2279,0.0235,158.2535
2,0.282,0.4513,0.2296,0.0371,160.5315
2,0.2713,0.4527,0.2249,0.051,162.8284
2,0.2965,0.4892,0.2138,0.0005,154.1701
2,0.3145,0.4168,0.2554,0.0134,157.6264
2,0.2953,0.4804,0.2243,0.0,154.2696
2,0.3239,0.4511,0.2145,0.0105,156.1696
2,0.28,0.4498,0.2205,0.0497,162.5045
2,0.2945,0.4463,0.2118,0.0474,162.0314
2,0.2773,0.4391,0.2713,0.0123,157.5588
2,0.2641,0.4935,0.2181,0.0243,158.1556
2,0.3497,0.4453,0.205,0.0,154.8725
2,0.2922,0.4517,0.2057,0.0503,162.3913
2,0.2803,0.4827,0.2348,0.0022,154.826
2,0.3185,0.4474,0.2333,0.0008,154.8649
2,0.307,0.3877,0.2714,0.0339,161.8549
2,0.2905,0.4496,0.2444,0.0155,157.2807
2,0.3265,0.4233,0.1987,0.0515,163.2046
2,0.2712,0.4423,0.2186,0.0679,165.7182
2,0.3088,0.4422,0.1776,0.0714,166.1148
2,0.2802,0.4655,0.2543,0.0,154.9671
2,0.2719,0.4529,0.2688,0.0065,156.497
2,0.2778,0.4553,0.2245,0.0424,161.3074
2,0.2555,0.4574,0.2729,0.0142,158.0519
2,0.2318,0.4696,0.2469,0.0517,164.0496
2,0.3098,0.4282,0.2325,0.0295,159.6192
2,0.2529,0.4624,0.2689,0.0157,158.2029
2,0.2572,0.4507,0.2452,0.0469,162.7325
2,0.2992,0.4431,0.236,0.0217,158.1772
2,0.2663,0.4513,0.2796,0.0029,156.3083
2,0.3007,0.4428,0.2521,0.0045,155.7483
2,0.2853,0.4261,0.2681,0.0206,158.9081
2,0.2801,0.4592,0.2262,0.0345,159.9805
2,0.2715,0.4471,0.2264,0.0551,163.5875
2,0.2828,0.4438,0.2633,0.0101,156.917
2,0.3188,0.459,0.2144,0.0077,155.6061
2,0.2851,0.4383,0.2767,0.0,155.7126
2,0.2739,0.4423,0.2379,0.0459,162.2873
2,0.3301,0.4377,0.2188,0.0134,156.8961
2,0.2971,0.4653,0.1999,0.0377,160.1272
2,0.3148,0.4411,0.2441,0.0,154.9625
2,0.2709,0.4817,0.2196,0.0279,158.7284
2,0.2791,0.4641,0.1985,0.0583,163.5759
2,0.3306,0.4277,0.2119,0.0298,159.6357
2,0.3083,0.4359,0.2558,0.0,155.2177
2,0.2471,0.4443,0.2459,0.0627,165.6794
2,0.2833,0.4489,0.1934,0.0744,166.4699
2,0.2858,0.4646,0.2293,0.0203,157.6644
2,0.3035,0.432,0.2228,0.0418,161.4293
2,0.2483,0.4485,0.2482,0.055,164.3552
2,0.263,0.4452,0.2614,0.0304,160.3333
2,0.2845,0.4175,0.2221,0.0759,167.4662
2,0.2761,0.3788,0.2718,0.0733,168.9141
2,0.3279,0.4475,0.2126,0.012,156.4668
2,0.2699,0.4535,0.2766,0.0,155.7088
2,0.2986,0.4553,0.2462,0.0,154.8091
2,0.3014,0.4563,0.2294,0.0129,156.5429
2,0.2475,0.4944,0.2064,0.0516,162.7582
2,0.3251,0.4516,0.2233,0.0,154.6195
2,0.2796,0.4497,0.2532,0.0176,157.8444
2,0.2991,0.4362,0.2408,0.0239,158.7036
2,0.2857,0.47,0.2289,0.0155,156.853
2,0.2898,0.4031,0.2733,0.0338,161.5615
2,0.2777,0.4727,0.2272,0.0223,157.9396
2,0.2753,0.4372,0.264,0.0235,159.2239
2,0.2847,0.4442,0.2039,0.0672,165.346
2,0.2619,0.4723,0.2069,0.0589,163.8583
2,0.268,0.4703,0.2606,0.0011,155.3858
2,0.2613,0.4552,0.2835,0.0,156.0194
2,0.3064,0.4324,0.2559,0.0053,156.0862
2,0.3207,0.4609,0.2116,0.0068,155.4328
2,0.2709,0.4379,0.2335,0.0577,164.2707
2,0.2973,0.4319,0.2134,0.0574,163.9213
2,0.2997,0.4628,0.237,0.0005,154.6532
2,0.2905,0.4217,0.2528,0.0351,160.9722
2,0.2939,0.4189,0.2872,0.0,156.2023
2,0.2718,0.4336,0.2357,0.0589,164.5668
2,0.2914,0.3917,0.2564,0.0606,165.9144
2,0.3146,0.4144,0.2709,0.0,155.8775
2,0.2661,0.4414,0.2356,0.057,164.1897
2,0.3195,0.4243,0.1966,0.0597,164.4817
2,0.2829,0.4341,0.2831,0.0,155.9485
2,0.2611,0.437,0.2899,0.012,158.2726
2,0.3237,0.4163,0.2252,0.0348,160.6953
2,0.2598,0.4694,0.253,0.0179,157.9695
2,0.2596,0.4406,0.2357,0.0641,165.5089
2,0.2879,0.466,0.2419,0.0042,155.3178
2,0.279,0.4643,0.2048,0.0519,162.56
2,0.26,0.4189,0.2505,0.0706,167.2528
2,0.2559,0.4622,0.2819,0.0,156.0238
2,0.2678,0.4382,0.2747,0.0193,158.8858
2,0.3072,0.4204,0.2237,0.0487,162.7929
2,0.2835,0.4627,0.2538,0.0,154.9505
2,0.2507,0.4601,0.2168,0.0723,166.5619
3,0.3032,0.4505,0.2256,0.0207,157.7949
3,0.2628,0.5198,0.2173,0.0,154.3233
3,0.3022,0.4591,0.2263,0.0124,156.3873
3,0.2856,0.4487,0.2533,0.0124,156.9891
3,0.2958,0.4784,0.2258,0.0,154.3021
3,0.2369,0.5003,0.2374,0.0254,159.2409
3,0.3029,0.4763,0.2208,0.0,154.252
3,0.2611,0.5304,0.2086,0.0,154.2453
3,0.3047,0.4798,0.2085,0.007,155.1958
3,0.3076,0.4574,0.2123,0.0227,157.906
3,0.2526,0.496,0.2514,0.0,155.1575
3,0.2538,0.4834,0.2627,0.0,155.4385
3,0.3001,0.4432,0.2459,0.0108,156.6209
3,0.3036,0.4603,0.2133,0.0228,157.8806
3,0.2691,0.4859,0.2014,0.0435,161.0536
3,0.3109,0.4572,0.1918,0.0401,160.6273
3,0.2829,0.5087,0.2084,0.0,154.0158
3,0.3144,0.4412,0.2115,0.033,159.7903
3,0.2688,0.4699,0.2322,0.0291,159.2262
3,0.2542,0.4862,0.2205,0.0392,160.7912
3,0.3079,0.5133,0.1788,0.0,153.8378
3,0.2902,0.4439,0.2406,0.0252,158.8275
3,0.2793,0.4674,0.2106,0.0427,161.0594
3,0.2732,0.5007,0.2261,0.0,154.3402
3,0.2986,0.4756,0.2258,0.0,154.3179
3,0.2947,0.4425,0.2226,0.0402,161.009
3,0.3119,0.4444,0.2437,0.0,154.9017
3,0.3207,0.455,0.1947,0.0296,159.0256
3,0.2846,0.4959,0.1725,0.047,161.3818
3,0.3075,0.4884,0.1843,0.0198,157.0482
3,0.2764,0.4755,0.2143,0.0337,159.593
3,0.2798,0.515,0.2051,0.0,153.9938
3,0.3133,0.5059,0.1808,0.0,153.8901
3,0.2987,0.4733,0.2154,0.0125,156.1544
3,0.2757,0.5183,0.1794,0.0266,158.0372
3,0.3428,0.4833,0.1738,0.0,154.3641
3,0.3375,0.4831,0.1795,0.0,154.2661
3,0.276,0.4373,0.2383,0.0483,162.7365
3,0.292,0.5102,0.1977,0.0,153.8866
3,0.3211,0.4576,0.2212,0.0,154.4996
3,0.272,0.522,0.1981,0.0079,155.2065
3,0.3082,0.4704,0.2214,0.0,154.3157
3,0.2941,0.4795,0.2264,0.0,154.3064
3,0.2919,0.4644,0.2033,0.0404,160.5993
3,0.3205,0.496,0.1636,0.0199,157.1767
3,0.2917,0.5211,0.1873,0.0,153.8162
3,0.2464,0.5151,0.2145,0.0239,158.3389
3,0.3194,0.4775,0.203,0.0,154.1576
3,0.2891,0.464,0.235,0.0118,156.404
3,0.3111,0.4643,0.2211,0.0036,154.9269
3,0.322,0.4603,0.2146,0.0031,154.898
3,0.3034,0.4857,0.1857,0.0252,157.8994
3,0.2606,0.4874,0.2083,0.0437,161.2647
3,0.3077,0.5031,0.1892,0.0,153.8837
3,0.3022,0.4734,0.2243,0.0,154.3153
3,0.263,0.5033,0.1984,0.0354,159.7043
3,0.2697,0.5477,0.1826,0.0,153.9608
3,0.3068,0.4418,0.2514,0.0,155.0562
3,0.3218,0.4679,0.2103,0.0,154.3054
3,0.2759,0.5063,0.2102,0.0075,155.2566
3,0.2875,0.5196,0.1929,0.0,153.855
3,0.3108,0.5006,0.1886,0.0,153.906
3,0.2854,0.4534,0.2201,0.0411,161.0065
3,0.2564,0.4906,0.2361,0.0169,157.4186
3,0.3175,0.4889,0.1936,0.0,154.022
3,0.2477,0.5077,0.2446,0.0,155.1029
3,0.328,0.4625,0.1924,0.017,156.9892
3,0.3104,0.4779,0.1907,0.021,157.3353
3,0.2948,0.4459,0.2387,0.0206,158.0171
3,0.3082,0.4896,0.2022,0.0,154.0104
3,0.2917,0.461,0.2135,0.0338,159.6424
3,0.3176,0.4318,0.2219,0.0287,159.3543
3,0.2756,0.5052,0.2192,0.0,154.2079
3,0.3227,0.463,0.1937,0.0206,157.5072
3,0.3218,0.4322,0.2261,0.0199,158.0097
3,0.2899,0.452,0.258,0.0,155.0994
3,0.2732,0.5203,0.1714,0.0351,159.4222
3,0.2956,0.5312,0.1691,0.0041,154.424
3,0.2862,0.5094,0.2044,0.0,153.9586
3,0.2942,0.4615,0.2125,0.0318,159.3072
3,0.2451,0.5038,0.2511,0.0,155.3139
3,0.2776,0.5456,0.1768,0.0,153.8684
3,0.2997,0.458,0.2002,0.0421,160.9275
3,0.3092,0.4996,0.1913,0.0,153.9107
3,0.2532,0.4939,0.2429,0.01,156.5198
3,0.3337,0.4869,0.1794,0.0,154.1889
3,0.3105,0.4722,0.2173,0.0,154.2637
3,0.2818,0.4986,0.2197,0.0,154.1814
3,0.2981,0.5052,0.1819,0.0148,156.1391
3,0.2918,0.5164,0.1918,0.0,153.8412
3,0.3172,0.4609,0.2165,0.0054,155.2232
3,0.3261,0.4664,0.2074,0.0,154.336
3,0.2849,0.463,0.2128,0.0393,160.5337
3,0.2814,0.5365,0.1821,0.0,153.8394
3,0.2976,0.5076,0.1948,0.0,153.8709
3,0.2966,0.4759,0.2275,0.0,154.3418
3,0.3011,0.4746,0.2243,0.0,154.3052
3,0.255,0.5156,0.2294,0.0,154.647
3,0.2632,0.5007,0.2168,0.0192,157.3309
3,0.3116,0.4621,0.2263,0.0,154.4585
3,0.294,0.4937,0.2123,0.0,154.0617
3,0.2685,0.4854,0.2461,0.0,154.807
3,0.3216,0.4707,0.2077,0.0,154.2604
3,0.2796,0.4949,0.2255,0.0,154.291
3,0.292,0.5255,0.1824,0.0,153.7985
3,0.3232,0.5013,0.1755,0.0,153.9954
3,0.3079,0.4782,0.2128,0.0011,154.3363
3,0.2857,0.4905,0.1993,0.0245,157.828
3,0.3128,0.4692,0.2179,0.0,154.305
3,0.2798,0.4371,0.2339,0.0493,162.7976
3,0.2625,0.4841,0.2477,0.0058,155.8244
3,0.2834,0.5228,0.1939,0.0,153.8769
3,0.3061,0.4645,0.2295,0.0,154.4617
3,0.3124,0.4784,0.2092,0.0,154.1509
3,0.3034,0.5053,0.1631,0.0281,158.3226
3,0.2912,0.4473,0.2614,0.0,155.2155
3,0.3444,0.468,0.1876,0.0,154.4893
3,0.2944,0.4965,0.1911,0.018,156.7008
3,0.302,0.4979,0.2001,0.0,153.94
3,0.3164,0.485,0.1986,0.0,154.0594
3,0.2917,0.4643,0.225,0.019,157.3693
3,0.3342,0.4983,0.1675,0.0,154.1733
3,0.2937,0.51,0.1811,0.0152,156.1894
3,0.2487,0.5029,0.2484,0.0,155.163
3,0.2835,0.4499,0.2666,0.0,155.351
3,0.3266,0.4702,0.2032,0.0,154.28
3,0.2551,0.5163,0.1792,0.0495,162.0094
3,0.3124,0.4389,0.21,0.0388,160.7448
3,0.3143,0.5142,0.1715,0.0,153.885
3,0.2852,0.514,0.2007,0.0,153.9244
3,0.2734,0.4554,0.2306,0.0406,161.1358
3,0.3054,0.5062,0.1884,0.0,153.8619
3,0.3165,0.4505,0.233,0.0,154.6912
3,0.3047,0.4836,0.2118,0.0,154.1115
3,0.335,0.4912,0.1739,0.0,154.1934
3,0.309,0.4179,0.2336,0.0396,161.4582
3,0.276,0.4758,0.2255,0.0227,157.9741
3,0.3228,0.466,0.1983,0.0129,156.2772
3,0.3536,0.4614,0.1851,0.0,154.7187
3,0.2923,0.4546,0.2531,0.0,154.9607
3,0.2986,0.4884,0.1836,0.0293,158.5309
3,0.2865,0.491,0.1918,0.0307,158.7696
3,0.3167,0.4683,0.215,0.0,154.3058
3,0.3028,0.5182,0.1726,0.0064,154.8058
3,0.2929,0.5097,0.1973,0.0,153.8835
3,0.2757,0.478,0.2464,0.0,154.7643
3,0.2667,0.4921,0.2413,0.0,154.7104
3,0.2984,0.5071,0.1944,0.0,153.8702
3,0.3024,0.4965,0.2011,0.0,153.9526
3,0.2944,0.4411,0.2261,0.0385,160.7825
3,0.2701,0.457,0.2312,0.0417,161.3424
3,0.2636,0.527,0.2094,0.0,154.2123
3,0.3045,0.5094,0.1862,0.0,153.8433
3,0.2916,0.4724,0.236,0.0,154.5052
3,0.2458,0.5023,0.2518,0.0,155.3127
3,0.312,0.4586,0.2295,0.0,154.5355
3,0.308,0.4643,0.2254,0.0024,154.7786
3,0.3352,0.4858,0.179,0.0,154.2171
3,0.3099,0.4484,0.2363,0.0054,155.5777
3,0.2595,0.498,0.2426,0.0,154.8323
3,0.3036,0.4747,0.2217,0.0,154.275
3,0.3184,0.4788,0.2027,0.0,154.1385
3,0.2532,0.463,0.244,0.0398,161.4864
3,0.3205,0.4831,0.1964,0.0,154.092
3,0.2444,0.5204,0.2023,0.0329,159.6765
3,0.2599,0.4951,0.245,0.0,154.8818
3,0.2831,0.4754,0.2188,0.0227,157.8275
3,0.2508,0.494,0.2552,0.0,155.2883
3,0.2844,0.5123,0.1806,0.0227,157.38
3,0.2652,0.4912,0.2302,0.0134,156.6205
3,0.3264,0.4509,0.1815,0.0412,161.0443
3,0.3119,0.4681,0.22,0.0,154.3329
3,0.2594,0.5056,0.2351,0.0,154.6757
3,0.3052,0.4704,0.2244,0.0,154.3434
3,0.3029,0.4889,0.1812,0.0271,158.178
3,0.2766,0.5079,0.178,0.0375,159.8104
3,0.3157,0.4859,0.1983,0.0,154.0479
3,0.2555,0.5437,0.1801,0.0207,157.3639
3,0.2523,0.4894,0.2355,0.0227,158.4206
3,0.2452,0.4867,0.2373,0.0309,159.9372
3,0.2576,0.5291,0.1766,0.0367,159.8566
3,0.2565,0.5272,0.2163,0.0,154.4197
3,0.2872,0.5236,0.1891,0.0,153.8338
3,0.281,0.4514,0.2675,0.0,155.3779
3,0.335,0.4688,0.18,0.0161,156.8875
3,0.2954,0.4504,0.2149,0.0393,160.6589
3,0.2726,0.4749,0.2486,0.0039,155.4591
3,0.3424,0.4762,0.1813,0.0,154.3904
3,0.2946,0.4656,0.2398,0.0,154.6105
3,0.3295,0.4451,0.2107,0.0148,156.9435
3,0.2493,0.4933,0.2484,0.0089,156.5563
3,0.2881,0.4999,0.212,0.0,154.0509
3,0.2761,0.5497,0.1743,0.0,153.8874
3,0.2793,0.4807,0.24,0.0,154.5953
3,0.3432,0.4593,0.1975,0.0,154.5715
3,0.2814,0.5024,0.1767,0.0395,160.1358
3,0.3013,0.4539,0.2205,0.0242,158.2509
3,0.2846,0.538,0.1774,0.0,153.8161
3,0.3203,0.4579,0.2191,0.0026,154.8756
1,0.3114,0.2254,0.2541,0.2091,205.6055
1,0.1735,0.1955,0.0902,0.5408,339.1276
1,0.3086,0.092,0.2735,0.3258,270.041
1,0.2977,0.2703,0.06,0.3719,257.7949
1,0.3188,0.1085,0.2692,0.3035,256.0053
1,0.3169,0.1394,0.1222,0.4215,295.5397
1,0.3129,0.302,0.1919,0.1932,195.0263
1,0.2022,0.036,0.5686,0.1932,299.5781
1,0.2858,0.3961,0.094,0.2242,200.5136
1,0.322,0.207,0.3028,0.1682,199.611
1,0.0015,0.1812,0.5562,0.2611,633.8574
1,0.2803,0.2435,0.2622,0.214,204.8959
1,0.342,0.3116,0.0193,0.3272,253.8653
1,0.0085,0.458,0.3137,0.2198,341.3927
1,0.1962,0.148,0.4136,0.2422,239.0926
1,0.0889,0.3289,0.4623,0.1198,211.8086
1,0.5407,0.1733,0.1769,0.1091,201.5138
1,0.3351,0.1995,0.206,0.2594,222.0375
1,0.1943,0.4975,0.0132,0.295,231.7276
1,0.501,0.311,0.073,0.115,193.5181
1,0.2707,0.2763,0.3808,0.0722,177.2569
1,0.4079,0.1168,0.4537,0.0215,191.0713
1,0.1876,0.272,0.2971,0.2432,214.2521
1,0.3386,0.2252,0.3588,0.0774,180.9729
1,0.2561,0.2566,0.2653,0.222,205.8851
1,0.1425,0.4484,0.3353,0.0738,178.2104
1,0.3385,0.3605,0.2268,0.0743,169.1008
1,0.2289,0.3468,0.1517,0.2726,211.9583
1,0.374,0.2337,0.233,0.1593,194.6452
1,0.5561,0.1413,0.2278,0.0748,198.6768
1,0.1147,0.4006,0.0569,0.4279,276.9176
1,0.055,0.4974,0.1745,0.2731,246.0098
1,0.3044,0.3163,0.1376,0.2417,206.5262
1,0.2335,0.1289,0.2784,0.3592,269.5081
1,0.4367,0.1735,0.242,0.1477,202.2638
1,0.0101,0.3973,0.2783,0.3143,366.1773
1,0.1256,0.2576,0.3295,0.2874,238.5506
1,0.1735,0.3866,0.3039,0.136,186.0761
1,0.3347,0.2618,0.2667,0.1368,186.7815
1,0.324,0.0757,0.4539,0.1463,232.4045
1,0.427,0.3361,0.0847,0.1523,193.6417
1,0.2609,0.1423,0.2724,0.3244,252.6138
1,0.3609,0.0865,0.2703,0.2823,258.6503
1,0.1509,0.3172,0.3516,0.1803,203.3569
1,0.4187,0.2271,0.266,0.0881,182.3368
1,0.0748,0.1177,0.3432,0.4644,369.3411
1,0.2853,0.2716,0.0689,0.3743,255.9586
1,0.3777,0.2592,0.068,0.2952,237.4452
1,0.2396,0.2423,0.2362,0.2818,222.1341
1,0.139,0.2259,0.3272,0.3079,245.4242
1,0.2833,0.1387,0.0807,0.4974,339.346
1,0.3804,0.0417,0.2778,0.3001,292.996
1,0.2249,0.324,0.1506,0.3005,220.7268
1,0.2597,0.331,0.311,0.0983,176.5239
1,0.4041,0.0324,0.4382,0.1253,250.6557
1,0.3208,0.2225,0.3032,0.1536,194.6276
1,0.3013,0.2747,0.1275,0.2964,224.7572
1,0.2549,0.4033,0.3241,0.0177,160.9603
1,0.0068,0.3493,0.3841,0.2599,389.6837
1,0.2932,0.3417,0.3563,0.0088,161.7672
1,0.0742,0.3552,0.3981,0.1724,223.8028
1,0.2959,0.5597,0.1414,0.003,154.5129
1,0.2918,0.2543,0.2371,0.2168,204.0536
1,0.3548,0.5339,0.0493,0.0619,170.1932
1,0.2733,0.0295,0.3332,0.3639,338.0011
1,0.0651,0.4576,0.3701,0.1072,208.6335
1,0.1232,0.2927,0.335,0.2491,225.7734
1,0.342,0.2344,0.0632,0.3604,261.3265
1,0.2968,0.3233,0.1521,0.2279,202.082
1,0.4689,0.0806,0.1538,0.2966,278.9636
1,0.2362,0.2462,0.1346,0.383,253.5533
1,0.2185,0.2243,0.4704,0.0868,191.6828
1,0.267,0.0526,0.359,0.3214,297.43
1,0.1208,0.2528,0.4444,0.182,221.2826
1,0.4221,0.1507,0.0945,0.3327,270.6029
1,0.1621,0.2717,0.369,0.1972,209.9296
1,0.1809,0.3804,0.3455,0.0932,179.2121
1,0.2009,0.3169,0.1998,0.2824,217.0487
1,0.3081,0.2654,0.2588,0.1678,192.5172
1,0.0071,0.296,0.398,0.2988,412.9872
1,0.029,0.315,0.1326,0.5234,390.7327
1,0.0562,0.3531,0.2726,0.3181,266.5126
1,0.0371,0.3797,0.1327,0.4505,331.7873
1,0.4709,0.3424,0.0256,0.161,209.7527
1,0.4358,0.3303,0.2205,0.0134,162.4841
1,0.2921,0.2785,0.0291,0.4002,277.0985
1,0.1323,0.3712,0.2955,0.201,205.5701
1,0.2899,0.423,0.0564,0.2307,205.2729
1,0.2226,0.3374,0.146,0.294,218.341
1,0.1796,0.3402,0.1856,0.2945,220.326
1,0.2953,0.3343,0.3339,0.0366,165.7912
1,0.3034,0.1321,0.3167,0.2478,233.3943
1,0.2615,0.3552,0.3313,0.052,168.0202
1,0.2325,0.2547,0.3061,0.2068,204.6139
1,0.3799,0.262,0.0883,0.2698,226.2943
1,0.1875,0.3345,0.4731,0.0049,171.4289
1,0.1718,0.4565,0.2454,0.1263,181.0119
1,0.3165,0.2668,0.1915,0.2252,205.1671
1,0.093,0.5369,0.2852,0.085,188.0641
1,0.1582,0.4459,0.0295,0.3663,252.1727
1,0.163,0.3224,0.2492,0.2654,216.8102
1,0.0456,0.4066,0.4109,0.1368,233.3272
1,0.3205,0.1163,0.1083,0.4549,323.2336
1,0.344,0.1065,0.259,0.2905,252.8724
1,0.0524,0.2972,0.3684,0.282,270.4601
1,0.2966,0.1348,0.3485,0.2201,226.6352
1,0.4942,0.2342,0.0222,0.2494,253.7559
1,0.2635,0.1352,0.3162,0.285,243.9493
1,0.5082,0.1193,0.1693,0.2032,235.3777
1,0.2634,0.3742,0.1285,0.2339,201.5061
1,0.3837,0.2595,0.234,0.1229,184.9724
1,0.5731,0.2094,0.1743,0.0432,184.885
1,0.0011,0.4154,0.1639,0.4195,642.0855
1,0.0824,0.3985,0.3028,0.2162,222.55
1,0.153,0.2442,0.2541,0.3487,248.8033
1,0.2219,0.0605,0.2396,0.4781,359.4434
1,0.238,0.259,0.2779,0.2251,207.2739
1,0.0253,0.1371,0.533,0.3045,389.9694
1,0.4585,0.2707,0.0079,0.2629,257.2076
1,0.202,0.0491,0.5266,0.2223,290.4527
1,0.3138,0.2459,0.2367,0.2036,201.9604
1,0.0904,0.3501,0.3731,0.1864,218.6954
1,0.3314,0.1476,0.1967,0.3243,251.6239
1,0.2623,0.3714,0.2172,0.149,182.3822
1,0.164,0.3736,0.2855,0.1769,195.1183
1,0.4897,0.0921,0.3342,0.084,208.5374
1,0.3975,0.1921,0.1471,0.2632,229.5865
1,0.3985,0.0198,0.1793,0.4024,374.205
1,0.0337,0.3259,0.1329,0.5075,370.3228
1,0.3735,0.0089,0.3138,0.3038,342.8421
1,0.2048,0.1442,0.2418,0.4093,283.7421
1,0.2958,0.3323,0.1217,0.2502,208.2216
1,0.4684,0.2386,0.271,0.022,171.0011
1,0.3432,0.1323,0.0026,0.5219,443.7896
1,0.2397,0.15,0.2801,0.3301,253.3305
1,0.3706,0.2172,0.1536,0.2586,222.4028
1,0.2807,0.3027,0.3022,0.1144,180.3532
1,0.2278,0.2532,0.0979,0.4211,269.678
1,0.3653,0.2457,0.2179,0.1711,195.7803
1,0.0884,0.2929,0.3217,0.297,249.092
1,0.3289,0.3826,0.1589,0.1296,178.712
1,0.1648,0.3539,0.2596,0.2217,204.7551
1,0.2926,0.3698,0.2219,0.1157,175.8782
1,0.2504,0.2371,0.4966,0.016,176.9467
1,0.2716,0.4271,0.1567,0.1446,179.9611
1,0.4524,0.428,0.0629,0.0567,173.796
1,0.4825,0.0734,0.0823,0.3617,330.8593
1,0.2081,0.1677,0.3198,0.3043,244.9698
1,0.0589,0.4604,0.3293,0.1514,219.4771
1,0.077,0.1857,0.4653,0.2721,277.3517
1,0.0544,0.4198,0.0266,0.4992,348.2458
1,0.2481,0.1236,0.157,0.4713,317.5988
1,0.111,0.416,0.1737,0.2993,229.3961
1,0.2602,0.3124,0.0987,0.3287,232.1948
1,0.3899,0.293,0.1406,0.1765,195.8021
1,0.0663,0.4571,0.2382,0.2384,231.4571
1,0.0634,0.4944,0.3301,0.1121,207.7982
1,0.1008,0.3847,0.4896,0.0249,188.1598
1,0.2448,0.2963,0.3067,0.1522,189.0971
1,0.2596,0.3017,0.2441,0.1947,195.6549
1,0.6241,0.0618,0.1582,0.1558,255.78
1,0.0356,0.4355,0.3348,0.1942,252.3744
1,0.1828,0.1356,0.3312,0.3505,271.8705
1,0.3376,0.0388,0.5062,0.1174,249.9324
1,0.0393,0.0101,0.2839,0.6667,963.3804
1,0.2462,0.2846,0.2982,0.171,193.4621
1,0.0423,0.4867,0.3191,0.1518,231.8241
1,0.2979,0.2968,0.2953,0.1101,179.5474
1,0.2296,0.2471,0.3491,0.1742,200.0259
1,0.2222,0.2192,0.257,0.3016,231.6329
1,0.3811,0.3157,0.2568,0.0464,167.2745
1,0.2193,0.2451,0.4554,0.0802,187.3243
1,0.0492,0.2644,0.4565,0.2298,270.1627
1,0.5455,0.1588,0.2015,0.0942,199.8618
1,0.3272,0.1569,0.0939,0.422,295.7939
1,0.3497,0.4288,0.1804,0.0411,161.7544
1,0.4539,0.373,0.143,0.0301,165.5601
1,0.2636,0.1811,0.3726,0.1827,210.044
1,0.3777,0.0933,0.2451,0.2838,256.8422
1,0.5029,0.0454,0.0012,0.4504,580.0371
1,0.3969,0.0183,0.3778,0.207,288.3276
1,0.3773,0.0429,0.241,0.3388,307.5796
1,0.272,0.2872,0.1267,0.3141,228.0185
1,0.0329,0.3036,0.6476,0.0159,248.4565
1,0.2474,0.3805,0.1325,0.2396,202.5606
1,0.2544,0.3091,0.2588,0.1778,191.9715
1,0.2915,0.2299,0.2271,0.2514,215.007
1,0.3111,0.2143,0.2478,0.2268,211.1193
1,0.2345,0.2932,0.1818,0.2906,219.4776
1,0.2415,0.2818,0.1041,0.3725,248.156
1,0.1246,0.2101,0.3564,0.3089,253.7792
1,0.2214,0.2727,0.3688,0.1371,191.3755
1,0.2437,0.3657,0.0464,0.3442,240.8075
1,0.1364,0.2878,0.2774,0.2984,233.3362
1,0.3881,0.4015,0.1321,0.0783,170.8747
1,0.4125,0.3547,0.0502,0.1826,203.5763
1,0.3639,0.2763,0.0198,0.34,265.0441
1,0.4074,0.1653,0.4007,0.0266,181.0621
1,0.1244,0.3046,0.4095,0.1615,208.4611
1,0.1019,0.3005,0.3216,0.276,237.3836
1,0.0095,0.5498,0.1106,0.3301,367.6408
1,0.0159,0.4241,0.1429,0.4171,370.2197
1,0.0195,0.3151,0.3627,0.3026,331.2652
1,0.1334,0.3468,0.4866,0.0332,183.6043
1,0.3394,0.2197,0.3577,0.0831,182.5744
1,0.219,0.3391,0.0862,0.3558,239.9523
1,0.3755,0.0501,0.0363,0.5382,496.9325
1,0.117,0.1944,0.1098,0.5788,368.3659
1,0.3639,0.2108,0.0572,0.368,272.3353
1,0.0966,0.4112,0.4502,0.042,189.1477
1,0.3076,0.1052,0.2155,0.3717,281.0277
1,0.3053,0.4438,0.1248,0.1261,176.9616
1,0.0514,0.14,0.469,0.3396,341.5718
1,0.0707,0.2979,0.4363,0.1952,238.4972
1,0.3108,0.2659,0.0249,0.3983,281.8818
1,0.2519,0.3294,0.0604,0.3582,245.1635
1,0.2577,0.1053,0.1781,0.4589,318.7335
1,0.0959,0.3028,0.3747,0.2266,229.7919
1,0.3847,0.3827,0.1714,0.0612,167.3067
1,0.3643,0.1033,0.022,0.5105,422.9875
1,0.2804,0.1802,0.2767,0.2627,225.9947
1,0.3451,0.0868,0.2429,0.3252,272.6449
1,0.2583,0.2743,0.1536,0.3138,227.8117
1,0.2275,0.2455,0.3077,0.2193,208.7503
1,0.2126,0.3089,0.3246,0.1539,190.8334
1,0.0769,0.2272,0.1897,0.5061,336.1479
1,0.4501,0.265,0.1877,0.0972,182.5397
1,0.3968,0.155,0.1965,0.2518,230.9174
1,0.2239,0.0197,0.3589,0.3975,382.8405
1,0.0614,0.1065,0.5301,0.302,342.5482
1,0.1771,0.2581,0.2808,0.284,226.418
1,0.1893,0.3106,0.4083,0.0918,184.3257
1,0.3582,0.0741,0.3781,0.1897,239.7593
1,0.337,0.3743,0.229,0.0597,166.1141
1,0.2765,0.3268,0.0488,0.3479,245.0886
1,0.3872,0.2223,0.2685,0.122,188.5914
1,0.2969,0.1636,0.1902,0.3492,255.0752
1,0.1014,0.2208,0.4425,0.2354,245.2258
1,0.3767,0.0649,0.4018,0.1567,236.3395
1,0.1754,0.2714,0.3146,0.2386,215.213
1,0.3611,0.0566,0.2612,0.3211,288.7799
1,0.2814,0.2698,0.149,0.2998,224.6243
1,0.0463,0.5112,0.0148,0.4277,326.0333
1,0.5567,0.0001,0.3701,0.0731,288.5563
1,0.2952,0.134,0.2798,0.291,244.2785
1,0.3487,0.2479,0.3666,0.0368,171.9758
1,0.155,0.07,0.3252,0.4498,353.9339
1,0.3193,0.3262,0.1938,0.1607,186.7422
1,0.2142,0.3106,0.4347,0.0406,174.5691
1,0.3776,0.2792,0.192,0.1513,189.2961
1,0.4866,0.1486,0.0121,0.3528,332.279
1,0.017,0.6799,0.0365,0.2666,315.1206
1,0.3084,0.5184,0.0472,0.1259,181.6602
1,0.3964,0.0352,0.3455,0.2228,273.0886
1,0.436,0.0872,0.296,0.1808,231.2651
1,0.401,0.2417,0.2635,0.0938,181.473
1,0.0849,0.2703,0.3096,0.3353,263.9936
1,0.3297,0.3417,0.0073,0.3213,255.2578
1,0.097,0.2084,0.1487,0.5459,350.1571
1,0.2803,0.3833,0.2121,0.1243,177.011
1,0.225,0.3445,0.1736,0.2569,207.9522
1,0.4163,0.1314,0.1802,0.2721,244.6843
1,0.1582,0.0264,0.569,0.2464,349.9064
1,0.3237,0.167,0.2107,0.2986,238.5856
1,0.1192,0.1191,0.5011,0.2607,279.4504
1,0.0486,0.3182,0.3434,0.2898,272.3343
1,0.0036,0.5802,0.3297,0.0865,355.7353
1,0.2799,0.1561,0.2972,0.2668,232.4802
1,0.3102,0.2482,0.29,0.1516,191.2501
1,0.2826,0.3127,0.3251,0.0796,174.0826
1,0.3316,0.2684,0.1608,0.2392,209.5371
1,0.4127,0.2902,0.069,0.2281,216.9573
1,0.5089,0.1887,0.0588,0.2436,248.4197
1,0.1441,0.2473,0.3653,0.2433,226.3171
1,0.2826,0.345,0.3465,0.0258,164.1761
1,0.3486,0.2499,0.1017,0.2997,232.863
1,0.7079,0.0261,0.0122,0.2538,462.9933
1,0.3175,0.3105,0.1564,0.2156,200.2847
1,0.3951,0.1047,0.0734,0.4267,334.3204
1,0.0244,0.3148,0.3646,0.2962,314.9161
1,0.2559,0.2485,0.2422,0.2535,213.8531
1,0.2421,0.2864,0.279,0.1925,197.4986
1,0.2609,0.3492,0.1597,0.2302,200.8671
1,0.2168,0.1017,0.3205,0.361,284.0147
1,0.0914,0.1784,0.408,0.3222,281.694
1,0.2712,0.3876,0.3387,0.0025,159.047
1,0.2863,0.0716,0.3206,0.3215,280.9008
1,0.2466,0.2479,0.2704,0.2351,210.259
1,0.2222,0.2678,0.4133,0.0966,185.9796
1,0.579,0.0598,0.268,0.0932,227.4577
1,0.2497,0.3504,0.3062,0.0937,174.9735
1,0.1115,0.5123,0.0296,0.3466,252.5942
1,0.2593,0.1293,0.2784,0.3331,259.4054
1,0.2566,0.4531,0.0372,0.2531,212.9137
1,0.1431,0.3126,0.2765,0.2678,221.9632
1,0.0546,0.3382,0.198,0.4092,296.8808
1,0.1601,0.2924,0.42,0.1275,196.4519
1,0.1653,0.5988,0.2211,0.0147,161.8011
1,0.2088,0.2384,0.2391,0.3138,232.8536
1,0.0393,0.1278,0.3941,0.4388,403.4838
1,0.1541,0.5424,0.0793,0.2241,204.2015
1,0.2167,0.2026,0.4512,0.1295,202.0746
1,0.1783,0.4014,0.1899,0.2303,202.1763
1,0.2237,0.0215,0.4778,0.2769,336.6948
1,0.4338,0.0934,0.1187,0.3541,297.6151
1,0.0403,0.5117,0.3103,0.1377,229.8623
1,0.4706,0.447,0.0597,0.0228,168.3731
1,0.3225,0.1184,0.2604,0.2987,251.0579
1,0.0086,0.4962,0.4196,0.0756,302.4254
1,0.3476,0.1536,0.0533,0.4455,323.1106
1,0.1683,0.1958,0.4243,0.2116,225.5987
1,0.3406,0.0589,0.3322,0.2682,269.7499
1,0.1619,0.3707,0.1709,0.2964,221.1399
1,0.0237,0.1019,0.5577,0.3167,434.3532
1,0.2954,0.0364,0.207,0.4612,374.5999
1,0.1748,0.4435,0.3493,0.0324,167.9579
1,0.1862,0.2808,0.4335,0.0995,189.4843
1,0.0011,0.383,0.4153,0.2006,532.5511
1,0.1602,0.2651,0.3322,0.2425,219.5847
1,0.3595,0.2932,0.3292,0.0181,164.7445
1,0.0254,0.3329,0.3646,0.2771,303.8607
1,0.1774,0.3351,0.0515,0.436,275.9881
1,0.4409,0.4869,0.0233,0.0489,176.6366
1,0.1307,0.2214,0.0138,0.6341,439.2123
1,0.3315,0.3709,0.0447,0.2529,216.9121
1,0.2997,0.2018,0.3578,0.1407,196.2638
1,0.0267,0.2925,0.4729,0.2078,294.2248
1,0.3374,0.0512,0.398,0.2134,260.8046
1,0.1623,0.4875,0.0759,0.2742,216.0971
1,0.2456,0.3598,0.0929,0.3017,221.7583
1,0.264,0.3326,0.1516,0.2518,207.0557
1,0.5674,0.1763,0.0243,0.2319,270.5954
1,0.2636,0.1665,0.2845,0.2854,235.4011
1,0.0644,0.1233,0.3213,0.491,387.3448
1,0.078,0.3403,0.0885,0.4932,317.5865
1,0.3702,0.0312,0.2524,0.3461,322.486
1,0.2608,0.0722,0.2838,0.3832,303.7575
1,0.3846,0.0929,0.2765,0.246,245.5171
1,0.2642,0.0974,0.4636,0.1748,234.3509
1,0.305,0.1752,0.2041,0.3157,241.7123
1,0.0926,0.1714,0.1963,0.5398,359.9513
1,0.404,0.1456,0.2738,0.1766,212.7392
1,0.0947,0.2525,0.3109,0.3418,264.0914
1,0.3596,0.2128,0.1221,0.3054,238.3951
1,0.5207,0.208,0.2558,0.0155,175.008
1,0.2579,0.0297,0.3582,0.3542,336.9413
1,0.3773,0.229,0.3093,0.0844,180.9738
1,0.0223,0.2716,0.3372,0.3689,352.8438
1,0.2804,0.1171,0.2647,0.3378,264.2239
1,0.6043,0.0924,0.0646,0.2388,291.1281
1,0.2089,0.2781,0.3303,0.1826,199.4981
1,0.0789,0.3476,0.1515,0.422,283.5352
1,0.1961,0.4714,0.178,0.1545,183.3699
1,0.3714,0.2133,0.3087,0.1065,186.7557
1,0.4864,0.4843,0.0206,0.0088,172.4032
1,0.1701,0.1149,0.4568,0.2583,261.8189
1,0.3344,0.0242,0.2505,0.3909,353.246
1,0.3789,0.1524,0.2823,0.1864,213.0254
1,0.0048,0.0422,0.5585,0.3944,854.1102
1,0.1886,0.2844,0.0228,0.5042,323.5362
1,0.3808,0.0932,0.322,0.2039,234.09
1,0.1016,0.3633,0.5184,0.0166,189.2244
1,0.068,0.3604,0.4357,0.1358,221.0556
1,0.2315,0.0219,0.3978,0.3488,356.1356
1,0.0405,0.3701,0.0864,0.503,355.4686
1,0.1528,0.2718,0.2995,0.2758,226.8883
1,0.1069,0.0913,0.4513,0.3504,326.7083
1,0.1752,0.4531,0.2244,0.1473,184.3102
1,0.2466,0.2613,0.2962,0.1959,200.6427
1,0.302,0.1892,0.3356,0.1732,204.2177
1,0.502,0.2439,0.1638,0.0902,186.6088
1,0.2205,0.2539,0.2961,0.2295,210.2177
1,0.1728,0.1576,0.6528,0.0168,206.6053
1,0.3135,0.2261,0.0699,0.3905,270.3272
1,0.3454,0.4165,0.2003,0.0377,161.317
1,0.0533,0.1995,0.5706,0.1766,275.2158
1,0.3642,0.0343,0.2449,0.3567,323.6362
1,0.1714,0.5867,0.1992,0.0427,165.3068
1,0.1524,0.0067,0.335,0.5059,539.4709
1,0.0113,0.3401,0.4055,0.243,347.8701
1,0.2436,0.2131,0.356,0.1873,206.4258
1,0.3158,0.3979,0.0453,0.241,211.5279
1,0.4291,0.2885,0.0527,0.2297,222.0749
1,0.3319,0.3822,0.1803,0.1055,173.9101
1,0.167,0.3589,0.113,0.3611,241.1824
1,0.1354,0.1212,0.5578,0.1856,256.6399
1,0.094,0.1718,0.3389,0.3953,302.101
1,0.3822,0.1453,0.0125,0.4599,374.296
1,0.1362,0.3501,0.3662,0.1474,197.7872
1,0.1231,0.3022,0.2916,0.2831,231.4863
1,0.201,0.1991,0.045,0.5549,359.8044
1,0.037,0.3131,0.3259,0.324,296.9126
1,0.0393,0.4346,0.3122,0.2139,251.5282
1,0.4775,0.2378,0.1753,0.1094,189.287
1,0.38,0.1106,0.0514,0.458,357.1068
1,0.1422,0.2613,0.2988,0.2976,235.6741
1,0.3764,0.0773,0.0947,0.4515,355.0833
1,0.0023,0.1979,0.3865,0.4134,639.2633
1,0.2378,0.338,0.3466,0.0776,174.463
1,0.1767,0.0616,0.4408,0.3209,310.8834
1,0.2814,0.2958,0.2903,0.1325,183.9166
1,0.0984,0.1117,0.408,0.382,326.3089
1,0.2298,0.3986,0.3353,0.0363,165.3085
1,0.3456,0.1781,0.0525,0.4237,304.1104
1,0.0124,0.3983,0.3172,0.2721,338.0771
1,0.145,0.0537,0.2857,0.5156,408.4632
1,0.3852,0.0116,0.193,0.4102,394.4319
1,0.1624,0.0351,0.3027,0.4999,423.1656
1,0.4275,0.2766,0.2052,0.0907,179.0828
1,0.3071,0.2004,0.2918,0.2008,207.5621
1,0.0105,0.3296,0.4949,0.165,336.8514
1,0.2904,0.3039,0.2955,0.1101,179.1839
1,0.2677,0.2677,0.1975,0.2672,214.9986
1,0.3509,0.4157,0.2093,0.0241,159.2303
1,0.0773,0.206,0.3429,0.3738,294.7508
1,0.4551,0.3518,0.0776,0.1155,187.2208
1,0.2946,0.2345,0.3862,0.0847,182.7206
1,0.3558,0.0935,0.3753,0.1753,228.0475
1,0.3698,0.246,0.2868,0.0973,181.2809
1,0.23,0.173,0.4509,0.146,209.3153
1,0.2343,0.1645,0.1379,0.4633,301.042
1,0.0728,0.5152,0.1783,0.2338,224.7932
1,0.0913,0.3019,0.262,0.3448,257.8739
1,0.1394,0.1248,0.4161,0.3197,281.0954
1,0.328,0.1282,0.3826,0.1612,214.7932
1,0.297,0.2509,0.2863,0.1659,193.9254
1,0.2687,0.2675,0.4158,0.048,175.1964
1,0.3376,0.1205,0.2064,0.3355,263.3257
1,0.2928,0.3102,0.281,0.116,179.5624
1,0.3221,0.3934,0.0331,0.2514,217.5488
1,0.2868,0.2635,0.2035,0.2462,210.1149
1,0.2089,0.3479,0.2282,0.2149,199.0416
1,0.2972,0.1514,0.3466,0.2048,218.8332
1,0.2237,0.0093,0.4071,0.3599,399.4505
1,0.2584,0.4444,0.2505,0.0467,162.854
1,0.2657,0.2214,0.3734,0.1394,194.9908
1,0.2214,0.1191,0.3574,0.3022,258.8756
1,0.2677,0.0972,0.2104,0.4247,306.0145
1,0.2126,0.3798,0.1029,0.3047,221.4357
1,0.3052,0.408,0.0125,0.2743,229.9441
1,0.2288,0.528,0.1527,0.0906,169.7359
1,0.2097,0.322,0.3329,0.1354,186.9119
1,0.6405,0.2316,0.1269,0.001,181.8512
1,0.1044,0.4563,0.1656,0.2737,223.5208
1,0.5072,0.033,0.0859,0.3739,381.0606
1,0.3029,0.0197,0.6312,0.0462,265.0799
1,0.3012,0.2674,0.1263,0.3052,228.0896
1,0.4626,0.2286,0.1772,0.1316,194.0694
1,0.0786,0.4378,0.3233,0.1603,211.2565
1,0.0476,0.361,0.1128,0.4787,332.2973
1,0.2621,0.4142,0.2657,0.058,165.4859
1,0.1932,0.4049,0.0408,0.3611,246.3
1,0.3989,0.0415,0.2826,0.277,285.0599
1,0.042,0.0373,0.3839,0.5368,602.4554
0.3,426.2646
0.6,152.1396
0.5,199.4957
0.2,778.7771
0.4,277.9561
0.6,152.1396
0.3,426.2646
0.4,277.9561
0.5,199.4957
0.2,778.7771
0.3,426.2646
0.4,277.9561
0.6,152.1396
0.5,199.4957
0.2,778.7771
0.5,199.4957
0.6,152.1396
0.3,426.2646
0.2,778.7771
0.4,277.9561
0.6,152.1396
0.4,277.9561
0.3,426.2646
0.5,199.4957
0.2,778.7771
